condition_id,category,prob,final_outcome,n_fills,source
0x9772892417b2335d88125fdcc9956bddedacc0b979e0e72e3cef7ad961829fcc,onchain_unknown,0.9075,1,2,goldsky
0x87376604b66cfdf241c47232bd44f6dd3a8f9c05497cfa211c131a53ef8dfa27,onchain_unknown,0.39,1,21,goldsky
0x6c3a4c986836aaf67d15217561208d338167b774c171c1f8c82530d59e420b6c,onchain_unknown,0.52,0,34,goldsky
0x1e78a22c6697935890d2e9879c9bdc47f04d1cd68b4c94c8c094cdb69d77c775,onchain_unknown,0.31,1,311,goldsky
0xb75c07f4252992808d7ca7d9828169c524b0fef44bf5adf78c327ef88469c986,onchain_unknown,0.16,0,77,goldsky
0x4d1d3e9627d1a6de90254612d6e8f422291e24f9dec7bdc4bfe65f8eb7ebd479,onchain_unknown,0.5,0,17,goldsky
0xbe112cd1ad039bea98bfbcc178798b5304960855d7f5943a34e149cc4c7aa3bb,onchain_unknown,0.95,1,29,goldsky
0x22366144ad8dd4f021e286a76666e22024bdd01b0f2a1ff164613207cebfeb1e,onchain_unknown,0.41,0,413,goldsky
0x653fc08d19fdc15afcc9d88cb274b6779e967994c72776e9960f6b003354b1af,onchain_unknown,0.535,0,42,goldsky
0x23a933fde445463190ac9d36a7b90c65f30ee5c3ce2eeac329f07bbafb221003,onchain_unknown,0.45,1,95,goldsky
0x4187800b0cb123302538051992a0a7cf5dbcf8adc1e6edad834c9076291cb7b6,onchain_unknown,0.07,0,61,goldsky
0xe1efcca455487301ed5a2b791c941df3510d704edaa8b3185e923e897bf2503d,onchain_unknown,0.67,0,4,goldsky
0xbf1eebf03606fb5d0583cf106e16e658d0e1e52c9710d1d0689c7fd9debb702e,onchain_unknown,0.43,1,4780,goldsky
0x4642c820d4d5622ebebbeb80a98a67b5ec24f62673350cc20022dc3980bbefff,onchain_unknown,0.2,1,39,goldsky
0x35d8c42a467d4e485ffba50c5d2d984ed0793f4935319ca923b494798051c8ef,onchain_unknown,0.22,1,160,goldsky
0x9ab24d6c7d444e8940152d9730946c225986572640e9c27eb74ae12b5a68139a,onchain_unknown,0.42,0,220,goldsky
0x6747bae2269c348786d0c0c0f4286ac006f13f16325d4dcbab954b46de029f19,onchain_unknown,0.9772,1,158,goldsky
0xb44e24a767d8fe9a76c178d7460028ce1382d2003408064bf678611f79351f22,onchain_unknown,0.76,1,138,goldsky
0xe0dee32c534d80913fa435e3a0e3f151ef3cbf6367be1cfea9576690d18ea7c9,onchain_unknown,0.38,0,199,goldsky
0x8cf61b7b84b6ac2e0c619867dd6966e688b43e4fd4c866423da2f757c58f0a9f,onchain_unknown,0.25,1,22,goldsky
0x72c8ec8b0dc9c42bb0821b85caa9f2cfd73681ec3f3e2d9a340c8932772bfef1,onchain_unknown,0.001,0,6,goldsky
0x1e25feaca6587256a7d830023b797279561de33ceb29845186f3d29d3569743d,onchain_unknown,0.012,0,141,goldsky
0x018e42fb3558a5daf41ead1d27f9de61a8cfaa5cccde8ecc8224ae9a753014c6,onchain_unknown,0.27,0,348,goldsky
0x7932ce4b3846082cfed5f25deab2d78181adada1ecb2e3873ed98f6cc9b185cc,onchain_unknown,0.185,0,10,goldsky
0xddcea0543acff85d8371c70d4b3d86e23ed77823d48fbf7e44a5f9800a86bf70,onchain_unknown,0.0072,0,6,goldsky
0x5c0d6ad919721588f4536e8f3d7b08a80bcbe072c3115e7e0b60ecba31bb934b,onchain_unknown,0.4278,0,3,goldsky
0x1d2787cb8aed975d092b2799ed6f4083e9445f7420cdc09e9d47e7d54356c6cd,onchain_unknown,0.003,0,55,goldsky
0xae6bd261779a3522a9fb07ab72bd01186927d5e8e35be3acb6646b078c2eb428,onchain_unknown,0.49,0,3,goldsky
0x990e09f0885d262b6a427e40f2914980cd24bcd249d12eaea918a759e6837b12,onchain_unknown,0.4691,1,97,goldsky
0x56a6ee5314650d14aea219d25e3e4067c6407d0918de52303f88b91978c33f1f,onchain_unknown,0.49,1,25,goldsky
0xf9f0965a3bd704ad9c184851242606ad35a4ffe733febf5074d4fbcc59d52eb8,onchain_unknown,0.032,0,138,goldsky
0xf2d62e8ca8b26cd825b3ad2abbfeb1a14b90e2a3bd5e790c6fdd3aeab3651bde,onchain_unknown,0.51,0,3,goldsky
0x95ec6be94a0066ecf548bbfd50754d068fffbddbfe547508916b292a028d6c79,onchain_unknown,0.78,1,1409,goldsky
0xe94bb4edde0a1efaadb206e9be42de34c771f640af3f7333cc8be399fffe8981,onchain_unknown,0.53,1,1082,goldsky
0x01aaece056f8163129041a6a8e0fcfca7ca331df1ca652f8084ce60b46e6d870,onchain_unknown,0.36,1,71,goldsky
0x50f34142e9e1507a1958935648810f697c31b70d031964e134fb506e7e312c3b,onchain_unknown,0.75,1,579,goldsky
0x3cdf6fa07ce061ab6cdd26c7386b21d0b4c2cb3226d0a069cd8b597fdc667676,onchain_unknown,0.38,1,110,goldsky
0x16453621c011fade25f3755592473d5af9c7d98c30490f3f94a076190b45ed05,onchain_unknown,0.998,1,40,goldsky
0x8f2801afa6d303e6e72751b458a3c53511ca7d6410bccab74d29680fbc791139,onchain_unknown,0.37,1,245,goldsky
0xe6fc4d3a5124b781cd49e29319e7fb189a8cc67fc6706adb1b44fe74be901265,onchain_unknown,0.84,0,34,goldsky
0x8cef8345050a4fb331aab7a25c280ac64433be235db7b05647c5e4cb3b1e9001,onchain_unknown,0.18,0,74,goldsky
0xc40e57f06c800f6c1647863d7285b270739346e276be716e139fd3663800584e,onchain_unknown,0.029,0,3,goldsky
0x518a5b030b205706b8ffe6bbad9bd3de59548348e5c0471827f5de21e513333c,onchain_unknown,0.35,0,45,goldsky
0xfba423a14f9ab876ccd56b18c4eb8d20cedfba3e0a66582b25813546eaf51145,onchain_unknown,0.6546,1,2,goldsky
0x5a9c2289eb4b06d03df4df70aa4f853054bc168ed632650aa9dbe8e0be5c947b,onchain_unknown,0.6466,1,1,goldsky
0xd17c97009f43a6204913c6820492512a6b4e1e6987cc8843d4a5e9a80dc2c7e9,onchain_unknown,0.99,1,3,goldsky
0x7f9fb1665934c79a7f67789f317990b817caf276f44cde0eecd84aad9a153751,onchain_unknown,0.27,1,9,goldsky
0x13739df0c8a92a6548d4e5b2c73491208fd0e76971a2d586f7d4577a414046af,onchain_unknown,0.47,0,11,goldsky
0x858071dbcd97be6e31f8467cba92fcb09d1d767d46da407e4434438a188b04a2,onchain_unknown,0.011,0,31,goldsky
0x43ef9188afe6df1ad2ae69a67ceb9077bb930a5d924d804e45b28c5eec058dd4,onchain_unknown,0.34,0,18,goldsky
0x6c0f6c09f9cf4a2cc7e0971307c5ebf0e1c70cb0b7a662c83f9268a11296c5cf,onchain_unknown,0.0305,0,2,goldsky
0x3931447c4eb7a8aa9db2bac6c9183c0b0d338b384a5b6690fe6266709fbab13a,onchain_unknown,0.245,0,262,goldsky
0x418872fac8b1d976da9c682ccf3ef12aa29c8c84a588a50b33af0032459b8af2,onchain_unknown,0.32,1,1,goldsky
0x72079e9d166987eccb18700cd4c9f1ee1f557c2e6a3fd7bc1cf2b915e4b344e6,onchain_unknown,0.5149,1,1,goldsky
0xd87a0ee5367e38072ac013e99035672125fee3a3f4446f0389fe806e42e3e42e,onchain_unknown,0.004,0,15,goldsky
0x6206084eede4554897d3afb02f11b1c82a55738d86cfc093a2db9aeab4ca0386,onchain_unknown,0.852,0,11,goldsky
0x0634fb2473fce47fbe0cb12d721a12f4da70ee3a1e04b15b33bb112d605df95f,onchain_unknown,0.63,1,14,goldsky
0x1bb8bd43ada27e828ce693a5dc2896cd918b64869570761a61048ec78471ce9a,onchain_unknown,0.28,1,4,goldsky
0x877eb85ee38cf4c5b0fb5e30a05b060c3d8f63f390634667f6850f81fcd01594,onchain_unknown,0.51,1,6,goldsky
0x440b94a6e5db20c451037d3828af867e2e87b66d1bd9f5e335d0f5d6418e273c,onchain_unknown,0.01,0,1,goldsky
0xf419325a81813bb603985baae6952ff43cc4fded835174c3a6c2e4a855579f4f,onchain_unknown,0.36,1,20,goldsky
0x7e36605c74e41a5d3ce2325788fabb36d7da8c14b95ae9537d5b5db33bff5bc0,onchain_unknown,0.027,0,1,goldsky
0x05742ca23f5baee61802b101b46ffabbba72ab409d05f988114f0d443c54c33d,onchain_unknown,0.15,0,5,goldsky
0x84a6ea6cf734bdec793b1a8241cc657e89ee9a8538880f3c65a512fc6fef0592,onchain_unknown,0.96,1,1,goldsky
0xf64d6c423c7818e376361150954c65895dea1a23958a360774caa44831e83a83,onchain_unknown,0.4,0,21,goldsky
0x8eade8baf6bcc374990691d639c80fc4c3d858462d3c3c594d0e69c5f6423080,onchain_unknown,0.17,0,2,goldsky
0xc5675bc58c8117391cc243780c1b709ce1ef744aa27779c78ee82f3dc974ca1b,onchain_unknown,0.025,0,16,goldsky
0xe31a6c763685129123cb6a0f729bfce04b768c5a22cb09c5610406df1a302465,onchain_unknown,0.06,0,111,goldsky
0x5c539e6311fa59d5987b2a4fb7842ad61ff2e77572a0a34b4894442877ee32ad,onchain_unknown,0.99,1,87,goldsky
0x8bf3c527692ce6c45ab56ca68f1c61cb1b193c53f08fb4c79eae56566d76ac95,onchain_unknown,0.99,1,3,goldsky
0x5b9194357d97f3976f235663e7208bbf496fb54bd51b5cdd19fb9d1488dc3ffa,onchain_unknown,0.001,0,20,goldsky
0x1b477f4b30fd28ef43372bf5699c9c01f6f2142b26b2a1caae7eca05dd0fc40b,onchain_unknown,0.005,0,204,goldsky
0x32f66ee253d41ef0b1f2fbfa51216371f2423a7adc332cb23f09c0870b66fd75,onchain_unknown,0.06,0,2,goldsky
0xabb2d35eb1505d5d6aa7037f9a54571536df165b12f66524830025a5d7e991c7,onchain_unknown,0.01,0,2,goldsky
0x5360d3d712f14b4145ca52c07aeb545452138d308a44e39cfb776320103f7845,onchain_unknown,0.64,1,609,goldsky
0x5754c3f624c29522d47e197aa11403a32b76acb7de0db8836bf21e534b7cb867,onchain_unknown,0.25,0,12,goldsky
0xffe381a80c1e36f9e0b03a542aa8fe56e74a67d2566a4e29396d4427aa4244c9,onchain_unknown,0.14,0,82,goldsky
0x068118be45da46c341716280f41ecae94b9e26198ffdf384d2c16df7b7bf47d6,onchain_unknown,0.9485,1,4,goldsky
0xeb4480331715a340fd6ad6b01c4fbff90decfff346e5e40d33c3b78737454966,onchain_unknown,0.001,0,5,goldsky
0xd15fbc6b8e8b4ede991b758ff7b35a484eb86496fa5554ff2236359bf954800b,onchain_unknown,0.52,0,1,goldsky
0xcd4d54b18c84e172b7d066c12bc0460e066814ce12a7402d01f7df73960efece,onchain_unknown,0.67,1,1,goldsky
0xb124138e6dfaf3eccbbb4a72c512491f68515b8efe2ef6a6286f20c28938549d,onchain_unknown,0.32,0,20,goldsky
0x39e5a7e6589e2986f8fc879099045cc6e9d4127bf655c17f733e1cd3f6056781,onchain_unknown,0.027,0,6,goldsky
0x02f8dd15d4c674a75fccbd0e00f0cf1256101c45ef41f6d0c5dfde9c36d4141e,onchain_unknown,0.998,1,76,goldsky
0xbe2375ce62c3b4721d65df37398c8675c4a7357c4bccad30a356951248ad6cc2,onchain_unknown,0.0346,0,3,goldsky
0x206bc1707eb9b4b9fc11a75e99f5ec62d532b1e1cb864ae40b4824b46f01942b,onchain_unknown,0.46,0,161,goldsky
0xf797921453444477c7237dbc0b2d49350b5cf5e35664f93d438c3e791ce13b8d,onchain_unknown,0.12,0,3,goldsky
0xe6ab30d554a2b3ff7ad25ce20bf9170812e2447fd67263363356da9e25eb4298,onchain_unknown,0.47,1,61,goldsky
0x92b46967aa40bdafc28266e594d613d1954228cf31aac21d31c7c817b998525a,onchain_unknown,0.57,0,5,goldsky
0xe5fbb4bfc33171d78ec10f4ba1f181536f7e92ef683fb6ea985f0f16745272d8,onchain_unknown,0.23,0,3,goldsky
0x0f3cfcfb8ac76c13b75330956efc55f02f3afe29d138e445c8a7d0759933e243,onchain_unknown,0.14,0,40,goldsky
0x918c96e6a0a62ed71573d9a41c28f7173fe9cbdf90d5d9b05f236f225a4465c4,onchain_unknown,0.999,1,41,goldsky
0x5d9d0df39c25f18c14e0389f753c4c4b44f09a458ffd2f3184adbfdb32ab882f,onchain_unknown,0.86,0,5,goldsky
0xeec4e601323d1eb3ebf1f1d217c6807d480f3fbda548947406a43bdcc841f3ef,onchain_unknown,0.35,0,1,goldsky
0x2eca37bb35d4083d319298c5cd4650d25bde120fcb9bb5be420340b7de9e39ab,onchain_unknown,0.24,0,7,goldsky
0xecc22ed65ed514cdcbf05ccc68cf8e27fe51a4249964853cc545dc58548c01b3,onchain_unknown,0.88,1,18,goldsky
0x15eb3d95d13e81d5d07b09eb8a9712ae8ad0253eb6a51ae87db5e49d069e667f,onchain_unknown,0.2341,0,249,goldsky
0xe724ad31057ebc608e49d2b72566cf6f43ade80707af45b2d64fa0c0c36da0a2,onchain_unknown,0.0035,0,10,goldsky
0xe43f857dfb0198020e4c4c05e1704ae961719d0f472bdd66b2661a0a0a519c36,onchain_unknown,0.35,1,9,goldsky
0xdb265869b8fc2236fa9fae4b847883e60dbcb478231b76c618d27b85ea47d569,onchain_unknown,0.36,1,2,goldsky
0xe2f7d6d6a72155a5ef01d2e809f3109aa7bf28ece77e508e30237d92f9bb579d,onchain_unknown,0.54,1,5,goldsky
0x84f92ff1f6113091642502836b5a06b66079597ebbb8d5514eadd330d07fe555,onchain_unknown,0.61,1,20,goldsky
0xd8f6957d927a6be3d472acdd7c1b76b753e9808da46b899cabd42eddc8c30bab,onchain_unknown,0.735,0,2,goldsky
0x7f6ba36887a917b54ed9110e4fa1a2bf9323f3c71801c29d5982be77ab4e9153,onchain_unknown,0.001,0,7,goldsky
0xb88220e19bb45eeb1fd313510f34ba055cb1a8cfc0e774e424cf0f45e04d06cc,onchain_unknown,0.1,0,43,goldsky
0xe03dd6c65ba69978d3f7e0f57101e883892921d42d9676269c7ab1eb6d87648e,onchain_unknown,0.675,0,22,goldsky
0x310a1a7d99a6732e270a1ea0c7f8db1689585b333433fb849585d5c5e5a97ed3,onchain_unknown,0.45,0,30,goldsky
0x3a0e803db220c314dfe56790d78a112ae0f61ae0ef373929940b7768464482cf,onchain_unknown,0.88,0,21,goldsky
0xc53e5d334fd60c52660ae22981a5e8e2c63f0fb1c9d5a94b6b766fee1a4aef22,onchain_unknown,0.44,1,1,goldsky
0xd854ced87b0014c99af9fb4436f5fcb9d2a5dad153fc319841e9fa7c85b76af7,onchain_unknown,0.8,0,17,goldsky
0xdbb15e79a34d68eb89bedbea4554df508c7c20fef2087be56c16b492201f9615,onchain_unknown,0.35,0,108,goldsky
0x362f08cf136603c7f6f0123a4a8bc1145b72263e8b0be86c4448a9343f1f8415,onchain_unknown,0.4195,0,3,goldsky
0xe6ca9df9502600d4f652a725babeff09cd2947974d18351c18a3ba86cc985c50,onchain_unknown,0.002,0,70,goldsky
0xd184b5540b300b672b81eead73a206a0ee19ca3d1e1a897296ee51468a530b84,onchain_unknown,0.05,0,10,goldsky
0xfa1b2c8cca4da9e6837e8a8cd53e3e6a258ce2db3d21d4ea835c65d125679e49,onchain_unknown,0.017,0,1,goldsky
0xe85db2c1843ebf5eac87613544d8a7e062039ec023d60fcaab2c9bf6340de110,onchain_unknown,0.52,1,7,goldsky
0xf9236e6e63c4fbf31146d8e1137cd987779bd3cbf09fcdc61bcda3c314798053,onchain_unknown,0.5,0,43,goldsky
0x448fc26bf9c8fb05a0cc677f353497c114162cd64acb4556b2cc8e9166672987,onchain_unknown,0.5,0,1,goldsky
0x26baf6b25267437104fc84c01a1356eee49e447c1ab1c6e20860554d5c116ffe,onchain_unknown,0.64,0,10,goldsky
0x24f1a8ca78151bfddcc1fc46d6b1a406fa7727f7b546dc78c58b32f928ebb8bf,onchain_unknown,0.001,0,2,goldsky
0x2d55f622bc12e23dc1f1bb4db8360c28c92155f9376bf73953c0756ee1387b2f,onchain_unknown,0.999,1,63,goldsky
0x1949eb2118cc5210b38a6d97f32b0f1b27e63adfcf989805392bcb422b79ff56,onchain_unknown,0.21,0,5,goldsky
0x383bba3fad1e825ea658c04fd8775f253c15b81bfb94209e0adb1fb312b291aa,onchain_unknown,0.52,1,11,goldsky
0xd0eab1b2dbf4dade6a8e8000a4977f4abca3f3b05fb0f3c0f34f17d4eeb6399e,onchain_unknown,0.85,0,2,goldsky
0x1ca4da5850934b7f758958a182a07902a9468632f1509bccfb7bc69bc6e70ad2,onchain_unknown,0.03,0,11,goldsky
0xb184c4ceaeb9765286d2d8b401c2d52d128fe3aa8e81b35ab35e776c00e9415c,onchain_unknown,0.53,0,2,goldsky
0x022a1fa3f502b806de76ea5ed37ee6c9153d852b3ba4d63e8e654aa7999c4403,onchain_unknown,0.39,0,1,goldsky
0x83fdc7436e87b03b4209760cf3a2d5dc618d00d35e7617163c873214feb2eec8,onchain_unknown,0.38,1,6,goldsky
0x56e2bb8b8eb3ea6581debc3045f22db100df08e86ecbf2dc7c337d1c606cf79e,onchain_unknown,0.24,0,116,goldsky
0x70d706fe084905dbafb95dfff13b727e4073efc3ef590adc8330562bac5d26de,onchain_unknown,0.38,0,40,goldsky
0x9c6937159260a98e5be7912a2f7c1706d25f63ccd9fc94e2eae256527ad7b7d9,onchain_unknown,0.46,0,1,goldsky
0x15709d7e43141ade1366ea123f3cdbc681def6e8ba7ad9cb7b2f3bad3706f8cf,onchain_unknown,0.45,1,18,goldsky
0xf30ba12da9de0682219f031c68e42f366b6d1a943a68ea5b4ba30930c2e30f67,onchain_unknown,0.01,0,2,goldsky
0x1f61db83c47fc787f44997af53d517cc4775e813b169d0b8ae2ad3bff316d052,onchain_unknown,0.51,1,3,goldsky
0x84e3fdc913126e113d00ef417af2b127bc4bc72221cc1466588fdf0994164b56,onchain_unknown,0.41,1,413,goldsky
0x2dc7227fa65b15182a20b39da70d8a7a268c0d31c5d5274ee52322bede55b1c7,onchain_unknown,0.32,1,1,goldsky
0xdcc80c71327327a53cb527a71fb3c97b4f89d7a991ca819669327300db4d6a79,onchain_unknown,0.45,1,15,goldsky
0xbbca85c29bf476ee54dfcfa96406af264ac784320cedede4dfc802f49dcadfcd,onchain_unknown,0.001,0,8,goldsky
0x0fa5d80f8f8fec384b629d60a47c8c669ff7e6ea469edb9f91ccfd030b7f56d7,onchain_unknown,0.008,0,20,goldsky
0x699093850ff73cf30baa4c571272900c3162932f9745400256a6455d6b2d0789,onchain_unknown,0.02,0,6,goldsky
0x324a567d3eff0c0b3875600836340e420bea96458ef31cc6a17e816b43a593f4,onchain_unknown,0.055,0,28,goldsky
0x6468c95a0308394330bf55ae21835c8a341bf7efaeb697964ea5f9107972da2c,onchain_unknown,0.0248,0,52,goldsky
0xefb18b9c685920092da8d85bba7649f9a320c4fe24d2086eb6aa0ea1f6d6aec1,onchain_unknown,0.255,0,8,goldsky
0x1289630086e9d239b204b630ea0abf3e29f5095837019edb1669b086b08ce9d8,onchain_unknown,0.999,1,1,goldsky
0x017099b71b4754c6f7ee6e78492d138270294db1bc520d970eaab83192e12a39,onchain_unknown,0.39,1,1,goldsky
0xfa59099fbda1e0f0058ed3cbd57e939fe90ab6d9b57d53bd488bcadf75c191d4,onchain_unknown,0.02,0,45,goldsky
0x2c32d0c0056fd2650a39549f6382ab0ed7953fddaf8fcf6875b6b1451d6680b0,onchain_unknown,0.88,0,35,goldsky
0x807ba575f84169bdb061dd05da3e8eb314a129aa152e31518c2aff9979d5f986,onchain_unknown,0.004,0,13,goldsky
0xcddc048c672ee233890b99b18885dbd510e3db3d67c53afb408ddc93f9aadff4,onchain_unknown,0.026,0,39,goldsky
0xd9c3cba9982e6d16440808b0aebcf8ab3d0e67ad58d0e8acad2d1d1801f9a252,onchain_unknown,0.85,0,9,goldsky
0x5bc5e6d69bc9ecc5284c405e411480f6103927ec7b71023621c9818340fdf15f,onchain_unknown,0.1,0,2,goldsky
0xfdd475a285bf69a04408f3b5712ad28d3825b87c907932c9f5bdead6bf2bd9c2,onchain_unknown,0.04,0,1,goldsky
0x6df498dc074707b4b028c1e56369b707577d4ea50eadcc78570825c08ceed87c,onchain_unknown,0.0105,0,20,goldsky
0x6c1cda497549333cec7c345c8817d4f3efcb2780896bca25de4778f67b85214d,onchain_unknown,0.85,1,1,goldsky
0xa78ecba9c4273564cce4b810db46bb36cc35db9cd52fc4e067c77f85af1c1048,onchain_unknown,0.008,0,30,goldsky
0x509618816300d1de8bc51c062b962835d5b4a1bc21c16cf3f52b48c5342395ba,onchain_unknown,0.96,1,363,goldsky
0xa1b91b95e0941fafb86b8e55f5f8051bf5620f5b03d8547dfb1cf81e10abf077,onchain_unknown,0.019,0,21,goldsky
0xceb6dfaa2cf5abc9d47ebc867b984a7715104944249274e8a483a2e17473e5f5,onchain_unknown,0.012,0,71,goldsky
0x49f3effc516cb99837cd30cbac40426d170cb87644cb76d97f239a2441c1bb05,onchain_unknown,0.011,0,9,goldsky
0x7101a33dcf99a2e333aeb023451ccaa09a1bfc2356962aec63dc501522f39285,onchain_unknown,0.22,0,14,goldsky
0x9674d3bac07e582996fdf430889f92eb80202f33377ab07eab9efd99357d66d2,onchain_unknown,0.4946,1,3,goldsky
0x350b4923d63cfab3b3a3cdfd8711886992431232191020aa7984def370d53497,onchain_unknown,0.37,0,13,goldsky
0xbcbf56d9cf66c041b702c2fa29246728b7ab2dda2fae1c53599eb149260244c9,onchain_unknown,0.35,0,2,goldsky
0xddb7b4b3e5cca21fa17b594ba8cb962a8607ed40fca8f881f9c172e5478a3838,onchain_unknown,0.96,1,1,goldsky
0x80cf132f78b7b55fa56008f95ed1ba09c5bbd82553ff26e04dfa6cf149833f21,onchain_unknown,0.71,1,9,goldsky
0xc6c4f606462c0a964c325e3b0ce50284976490c7705220aa865044badfa94376,onchain_unknown,0.51,0,3,goldsky
0x4c49671b2aa4b14041822cad52515ff2f71c675b9421964a8ba8936e7c39733f,onchain_unknown,0.85,1,5,goldsky
0x7163487d528a60cefd3ea04ef0ee92445542741b0fe4294865fdee2c1c20154c,onchain_unknown,0.96,1,2,goldsky
0x6c63f3033bc775e57190973a09948d012cf059ec14f1920db62385dc1521b614,onchain_unknown,0.9983,1,7,goldsky
0x5c19be423ddb93dc0078e99b028a1ffe7337c4baca86d42297c1c2c2ece453c8,onchain_unknown,0.69,1,2,goldsky
0xe191ba7c177fd50cdde37bbdbbf4711aa469c8b89bf980f17cba42a770ac2759,onchain_unknown,0.0463,0,5,goldsky
0x9873e4c216f5af4dc19651af175cf432c72e80a60c7ff78918f8e252b0e31642,onchain_unknown,0.47,1,43,goldsky
0x6b9973438e25223b4bad038517889dd52f3c8af10315a996247980eb59e7cc5a,onchain_unknown,0.044,0,1,goldsky
0x1930dcfcc0d33c63f315815b8db7ebfa05e509a1c854bea5663d647760ff87f4,onchain_unknown,0.38,1,35,goldsky
0x4216438e3e6656f8a3565c671c96312df539429876949d37baefd7d76fcce5ce,onchain_unknown,0.0395,0,2,goldsky
0xd7771a0f5ad204accaedcc266b126178fbedd0d90644f54c825efa4fb78155fe,onchain_unknown,0.34,0,1,goldsky
0xd08544f6162283dc8d0a82f16362aab837a8537379df9bbe604960eec9cd4618,onchain_unknown,0.01,0,1,goldsky
0xe35198464baf6f529f96457d05c21e2ad8bd75bcaf1bbf9eaf8836c7511c5381,onchain_unknown,0.79,1,13,goldsky
0xc792f8824ef9bb549a4f5d89eec898caefdd3df5a507783f80202d289e9130ea,onchain_unknown,0.07,0,2,goldsky
0x061ba73e9efc41f013fbb9547b68c8dcb29d598e70a7fd87e91684bde2c4be9c,onchain_unknown,0.17,0,52,goldsky
0xaa4f16db7b712d98dbb9dc611c01a14f20579cf7d0d92db390158915a37e64a5,onchain_unknown,0.012,0,45,goldsky
0xf0f4616d842a17132fa3d6d5565c1a3d950d14bb6d23df8aa9b1628f90f1a45f,onchain_unknown,0.36,1,24,goldsky
0xc6e477472d3475c7a161371dbc2cbf81458167502f3168fa9eaa5e1c33438f51,onchain_unknown,0.4516,0,1,goldsky
0x00b5fd7e8e468a56aace90642472951c10788180ac8dbe8b4aa412452ad693f4,onchain_unknown,0.15,1,18,goldsky
0x7e25406f6865e2e8c2df83680084c06bb1287f6c5ed1611b91f33bce1e39932c,onchain_unknown,0.969,1,6,goldsky
0x4bab360a81b57047b48c0dd7c6c1377706129e3e6b9fa3f079cc28d310ec4cec,onchain_unknown,0.76,0,1,goldsky
0xf1f1c23a4b483d65e4eee6b1ceebff72bc11db6933428dd91b6492dd7a44e295,onchain_unknown,0.01,0,1,goldsky
0xd0eea735d6d85ec2149a61c0c9903bcb2d50a43b2cd9ec011a91cbc19c318050,onchain_unknown,0.999,1,3,goldsky
0x9161813effe6f3eaac52aecdb28416f3e7c90b8c60cd41917dcfcd757c3a727d,onchain_unknown,0.7424,1,2,goldsky
0x037723f11f764d1503d455671acf1ed4210f858e198ac187549e3123b19197ba,onchain_unknown,0.26,0,83,goldsky
0xb8e87d66801273891255a1c0971753330148cf8f1e3234706c272226854aff84,onchain_unknown,0.0015,0,2,goldsky
0xe5099d850a03a881b037f2e7afc4d15e8cf2d2eb90329dd20299ff745ba2a7f7,onchain_unknown,0.28,0,9,goldsky
0x6d6fd5d251ce4cf80ec381a0fb7fcccefff4859ba7be92eddb1f7e6b1ef48595,onchain_unknown,0.618,1,6,goldsky
0xa396b4bf3a41b19d14a2e3206f78dce78132e26c5626a74e5da529820f3159e4,onchain_unknown,0.01,0,1,goldsky
0x4163a84aab21a74150ddaad5bdff6de52d67d04817777e8b843f964913fb178a,onchain_unknown,0.001,0,1,goldsky
0x8c4e6f6fc561e39f34ebed3f0af8d673653d220a1821c2a616c90fb5ae15b02b,onchain_unknown,0.55,0,11,goldsky
0x5eb9c692aa73bf64752cf94085827173d63a9bb8f9e8c634245d30bb413eddcb,onchain_unknown,0.12,0,1,goldsky
0x62b5209029f8bb64080aef432cd7d2ea25fd0155142c3b5c7b2ef940fde14fbe,onchain_unknown,0.58,1,5,goldsky
0x0a031d42240364d9d11073997e3f86f04ac36d90b58ed254a5a6ea645606a40d,onchain_unknown,0.44,0,119,goldsky
0x9647b0f18083245933f2d2ca09acbe7ce89ee60ba83ed01e984df4bc7888a214,onchain_unknown,0.2,0,27,goldsky
0xbe09c7643cd69c981c03eb21b7c0e92062d8759c86d0458d5bf59de9d7111ca0,onchain_unknown,0.89,1,20,goldsky
0xacac7df6b50a2343f2e86f2a9298e001da54ef8a587f8759b9fc407d0ef549ef,onchain_unknown,0.999,1,2,goldsky
0xd1b7e9722d51e6848e4a4637febfc6087358dfc94fc355b256a6d66d93aff14f,onchain_unknown,0.5,0,1,goldsky
0x5237ebd84b4c12838024a23fa2323047e82ca259180f4ab7f315da9d115b6071,onchain_unknown,0.32,0,4,goldsky
0xcfbd4e44939028fb0d3106823283584db8b8340b252ce57953192055c3dc7567,onchain_unknown,0.98,1,9,goldsky
0xaeea5f917fc5746387b5f9c0a4263dba035dbb3f0ac6ad72bf92183d21e26739,onchain_unknown,0.275,1,2,goldsky
0xce732ec6a743c3a4f4bed645b1aad019587664d6f7aadaa58980aec540ac79bb,onchain_unknown,0.37,0,18,goldsky
0xabef6d91adc036f3c2e0fa52f72dd0654ee8fba07974e06ec762a27c37b58e9f,onchain_unknown,0.15,0,5,goldsky
0x5eb2ed99d47ebc33c4b2df67dd5275961a97dc7c48817a69707447e257c5ab3b,onchain_unknown,0.999,1,2,goldsky
0x8881b4beff87289cddba79a8af13773c768e9dc567888bc5930cfa4a2768a5c4,onchain_unknown,0.47,0,7,goldsky
0x28b76011f765f820df6798d4c65a9add3cbfa4a86ebad256a54c1d0b87cfd44b,onchain_unknown,0.26,1,8,goldsky
0x8da75a8e1095a99a95aa19b5061d3961977cebc081dc91b7e811aa05d39e6dad,onchain_unknown,0.71,1,8,goldsky
0xf0576f436bf3d90a2413932ad1b6f94348cbab850e150c504f74300cc27d5aaf,onchain_unknown,0.69,1,3,goldsky
0xeca080635da47c3fb80cb489dc05174fdfe49144861feed3f2b27718874a3890,onchain_unknown,0.0654,0,20,goldsky
0x483d90420afba348303db1dc3bf656a55f31d79ce9a1ef557ef81373f34d4fbc,onchain_unknown,0.36,1,2,goldsky
0xb99be2ade9e038a7f484c0e82e3776974cdb3629c2f9de1fc545e930a1ea8b68,onchain_unknown,0.07,0,188,goldsky
0xd62d542ac1011995003a0ee6961e2bc2d089f4b85bfe1e67b7cc2a392cf967d8,onchain_unknown,0.775,1,32,goldsky
0xb6ab9778dfdfe28e65944dd38cd2a6726b5c1a682e66c94f003322d437e5477e,onchain_unknown,0.0168,0,9,goldsky
0x377db38a2b608a97e6a9a48c1a8ef3a40c887011204e7ddca8f5a0dedf6f8158,onchain_unknown,0.72,1,245,goldsky
0xc9e05428c8a56309d6d29af7f14a019712b958475f720a7012f3324f1600fa73,onchain_unknown,0.48,1,2,goldsky
0xdb637feeb50b0ad86c8b80893ce1cebf1980bbcf48280e179e3db8bf2dd21a6e,onchain_unknown,0.001,0,8,goldsky
0x2c63ed63b1b608a331ec1aeb931b5c3b0784c01c074f451475be00124b59901c,onchain_unknown,0.245,0,22,goldsky
0xbe27060c45f82780dc016aa0b87f5615bf8b02820ba3690364e1ab10ac4b5ac1,onchain_unknown,0.73,0,29,goldsky
0x32793661855486abd43c604a4075f92acfb60204944e581f50c05624ca617055,onchain_unknown,0.999,1,4,goldsky
0x4b2a5128ec8fee95fc09ea00612dc4b51771683ea98bae8d28ad2a709ce55b04,onchain_unknown,0.085,0,4,goldsky
0xa4745680f1d8f331d91ebd7ef5e16a484506c322f931e9a5295a1529b68e3dcd,onchain_unknown,0.001,0,2,goldsky
0x6df527c834e34b9d6bcd8f5bbca8c68efdbafe8405a3f9dd3776ab6f6a8a24d1,onchain_unknown,0.615,0,2,goldsky
0xffa7dd31da8bbe6a56817f0c8d5e9ce89fbd783a592b9ec5367925622f6050f9,onchain_unknown,0.999,1,3,goldsky
0xe0a433c70107f03a674343272a7180af62d72bd9632325a56f3a70c2163dda2e,onchain_unknown,0.49,1,1,goldsky
0x96f98ab6f8d8fe945a5b162c324917f0ca446e09a30be6940a511bb5dd389efa,onchain_unknown,0.59,0,21,goldsky
0x8454b093a4225644b1a2e196854828d9a9d627b796c583d2e4d2ffe95ff84587,onchain_unknown,0.001,0,5,goldsky
0x94e0e9c5b321086109b3f2965e3baa77d5c7a7e9a8f8089a7d32e3a748ced44c,onchain_unknown,0.34,0,4,goldsky
0xb4f94474787a09289c6c75a9d25284fcdd2535d6bb2266f9afa252f42fc67d70,onchain_unknown,0.0055,0,2,goldsky
0xa09a918a7bf4d675e4d94d1a80eb76fbafabe84558c3d355b82b6ac34b08e531,onchain_unknown,0.14,0,5,goldsky
0x7027a7f7b608573d4bb16a0ad4e191ee7fcaa9a00f1f43419333221869aed359,onchain_unknown,0.99,1,6,goldsky
0x1a9836d923d4e0a7d3f6a416e5a129dc89ac5f597e5427dc8dcff724523bde33,onchain_unknown,0.45,1,181,goldsky
0x287f824105e1c057a5c66fdcde0b9d7b95b1580c6c6fae8d04886dd7abe283b7,onchain_unknown,0.52,1,6,goldsky
0x855ee068b9239e2c285b5232dba3e1194519135c4721410060004d940be41eeb,onchain_unknown,0.51,0,6,goldsky
0x65f6340d2fbec288127fb90a9979a6a73e99df2fb5ec7a88e14349033cede878,onchain_unknown,0.001,0,8,goldsky
0x183a7cc63795524c2a5ea6d1027e941c355d61130c2e9869adae6426a564b62a,onchain_unknown,0.01,0,17,goldsky
0x798c0c24d586da30bec0709bce733f6b7fb8c820d6a4a083b1ebbb8dbbd5e1de,onchain_unknown,0.86,1,1,goldsky
0x870faa82db54a5311b453cfba7d54012a8fc0984851ee970c91728aa8d9817fb,onchain_unknown,0.977,1,1,goldsky
0x2f6a547524c1d290f8a2bbff80be2b0e8ca1b3b716dd3a0e74bf8ddb3e3fd6b7,onchain_unknown,0.14,0,14,goldsky
0x154c63dd3ff5822540b1de7803c68f8f3367abecd86960161590fe1987adfe9b,onchain_unknown,0.23,0,27,goldsky
0x5d37825716832a4a54f89450932e89510f26cf4be59aeec3149d2c49e5fdf44d,onchain_unknown,0.008,0,10,goldsky
0xc8285a8591ed590bb2adf1f8b1d7cf1c2ddd68d5f7e303bd8be29c9e122ccaf9,onchain_unknown,0.79,1,13,goldsky
0x2bf672805adbc2932322e9663f7516a5f5f66ccb60a92e4531738c675461d81e,onchain_unknown,0.51,0,2,goldsky
0xf0c2cd9da64a1d54e5419a0011d4c235032eb486e383358074b689cb980b3780,onchain_unknown,0.58,0,60,goldsky
0x9e71b5302f207e06aefe3e8b16e1f6a58289a926be6e425b98203a04d03498cd,onchain_unknown,0.22,0,2,goldsky
0xbb888a2e5ffc870ba1a506312f56b9841c9500570fc4ee2ddde394351c1fbee4,onchain_unknown,0.3,1,4,goldsky
0x9bf33d6577a33f386110f039f9b9b3aa237668dc471d4a8693d6d1e27dd469bc,onchain_unknown,0.86,1,1,goldsky
0x8d85d1218d8350efe198c1ab462cdce0f8e24c4f050df29f5480271ddf12ca43,onchain_unknown,0.54,0,9,goldsky
0x2529b3e51721d203b78afc5a0e03f491f04274c876d979da491f8b62fbd2eb2d,onchain_unknown,0.11,0,7,goldsky
0x201b92715af6df1c3fa8f4d00a29e7404a8d624de60cf56005a3aa1fd7df5964,onchain_unknown,0.2,0,3,goldsky
0x5644d92ac2247fde045239efae3707c2c5dbcdbb12ec9d8b51153f32045bf556,onchain_unknown,0.2,0,11,goldsky
0x5aec265c6e4ec42013c74f768a01c4f462d1070248c58c2ebca6e712a34c461b,onchain_unknown,0.008,0,1,goldsky
0xb6be4cedf3d66ca654714b1239919dbaf16b712e120957f63e80affefb33fe13,onchain_unknown,0.963,1,948,goldsky
0xd601b601aefef8a07136bf16bd72642827fa65bc14b1ad066cbe5c46987a4745,onchain_unknown,0.53,0,1,goldsky
0xb109578b5c86417e4571e29938c48710988e5db6556bc964a8b757926fa00c94,onchain_unknown,0.27,0,98,goldsky
0xcfa35bef64ef220e074f2b21970c1f8a9754b4ce73ccc6316170a79af552fedc,onchain_unknown,0.003,0,2,goldsky
0x2017a6a234f761d6a44be17094ecf247d7d1e706024edbef59d6391a3c19e1b2,onchain_unknown,0.08,0,2,goldsky
0x4436cc52a2b39a6d874779f1608b509435ac4e031c63f9e8548313061fb6d465,onchain_unknown,0.4064,0,6,goldsky
0xa2b9c5b881902c57a3ce9c8fe68848592136a728448b601bf09b4be6304394e5,onchain_unknown,0.81,1,15,goldsky
0x848becf7a8521618b6e203ca0488318efc0f0a0bfc0521c088222838b6b2bfaf,onchain_unknown,0.51,0,3,goldsky
0xd4e2ae25b9c0f067161c0a0d384a4e657b7095a95befb569c72a926ec6577c53,onchain_unknown,0.001,0,6,goldsky
0xe6a8bdcd0a55507e718303dbc04373821a35433b4a71de55ee759f10ee6be798,onchain_unknown,0.039,0,9,goldsky
0x05ca5631944a321a1ef49f2fb5e6563a55a2fbcaf1d5fdad78447c9c8bcdef30,onchain_unknown,0.64,0,2,goldsky
0x191513e6efd34da9e2008033d9480fcc38c254e0e4fd25f295ed09bf855d4e00,onchain_unknown,0.8468,1,3,goldsky
0x1526687154dd27ea10795e6dc0ab3657918288f2daf933edebd5e81184b0065f,onchain_unknown,0.09,0,5,goldsky
0xf782fd2ec2f5069fae5dacf2e22e6793f3ea576eee67913d20cbf418a8d879db,onchain_unknown,0.5,1,14,goldsky
0xf6521040138daf9af9f644811b8a6fe868556c6f49df3d940fc2c11da4efc77b,onchain_unknown,0.47,1,1,goldsky
0xacac7498d26a73d1f8717c6de04f637b8071c1516c88e94a91f7b128915e8f59,onchain_unknown,0.23,0,2,goldsky
0xddc7dd67902d34fbf49564ad8231002f4c7efd4ce0d685e01659dc5cdcdd416a,onchain_unknown,0.75,1,15,goldsky
0xd82ae4e0148adae3834eb584f5c941c70e182421e5b10279f74a625e781a7c7b,onchain_unknown,0.97,1,19,goldsky
0x490cd0fed37014f63c4816a1052936682ee641d15139170b510e99ad57371e9c,onchain_unknown,0.5,0,18,goldsky
0x77a59e29cd4962cd6186269d13cfe44e18a3f430154a9c07773e8e8dd86a5d4f,onchain_unknown,0.53,1,4,goldsky
0x6ed0926619bbf21eb206ad6087e7040fcb72b882bd43aedbf7e87424e51cc1eb,onchain_unknown,0.137,0,1,goldsky
0xee54e1357aa24c96d49126f544aa0b2ba29235ecf532e87406cfd8950d88c3e5,onchain_unknown,0.92,1,135,goldsky
0xb21b1b31861b6bd233312c1d9165c7982c99e593b8437739c3714a742d47b39a,onchain_unknown,0.5,1,3,goldsky
0x86509dfbc0274adaba2f32bdc68ae0acfa78d54858944855fc863b89f1a10cef,onchain_unknown,0.89,1,523,goldsky
0xc773258f74d401b76b56a83280b331091f2912adf3908d4bc117a1b58fdc9727,onchain_unknown,0.555,1,512,goldsky
0xc6a1c536cc44cfedf42c1cbbb7714b6ce3780b67f63adc85a90118d55578ef6d,onchain_unknown,0.88,1,129,goldsky
0x5e14d53a6d3d894df6e12a64bddf564845fe708767d3de21ae56775931999064,onchain_unknown,0.61,1,8,goldsky
0x9507e1ecb9e325f20d85b8a5ea434fa5adb7a7d01834f4932a1b05ee6aea5f2b,onchain_unknown,0.98,1,39,goldsky
0xf2738d02e72018ba70c343f660c9ca1332146ec627f1a4c72d1ee6468d6347c0,onchain_unknown,0.52,0,3,goldsky
0xcccb7e7613a087c132b69cbf3a02bece3fdcb824c1da54ae79acc8d4a562d902,onchain_unknown,0.009,0,7,goldsky
0xdd014bd8e381534914db038919c2a93a2aa80b87bda587d4960d8ceebe94d9bd,onchain_unknown,0.7013,1,2,goldsky
0x7cd8c41a83f807b2036dfe5727de7ebe3848a076b2e00342a2585581136b1996,onchain_unknown,0.001,0,45,goldsky
0x7509f2927c7c35a33add23a33d84b054bcdf56843e26bf608535d1ef24e254dd,onchain_unknown,0.85,0,1,goldsky
0x76b1bb1edadce63ac8a8325f4bab6c03364ab73ba119109690d87dc027b76197,onchain_unknown,0.015,0,2,goldsky
0x7eec058742fb97de2b673c746b7e370a99280f26e9ea35b34516e6205346a268,onchain_unknown,0.735,1,4,goldsky
0x48e8ea65b21fee492c55d4220a1201f03dd33f3987593bdaa9c448f3faa2cfe3,onchain_unknown,0.49,1,17,goldsky
0x5e2a2b3b03a8cd0878d210a941b7e0fa039fc32fda6bd81f870f5919c8f7c261,onchain_unknown,0.47,0,20,goldsky
0x3b77f72830de082be59f95c93983d10324147d1ee2766bad0d26ee690d1e2c58,onchain_unknown,0.28,1,2,goldsky
0xe59730131f84d462899b50e2c9470dc9417e4adc1e5b3ea14708b5b2c1170e53,onchain_unknown,0.51,1,2,goldsky
0x2a35ece24f79140f1b4b76b0d0e0ede1da6f43e6cab044da2904519f6c4c747e,onchain_unknown,0.1,0,1,goldsky
0x43dbe57e111ffdd7d10452b73f715456aa61548fe0155041d713ee6106e021a2,onchain_unknown,0.39,0,18,goldsky
0x6bc1ad4d6468728654943cae6e5d5dc11009ea21bcf8805d6fa3e7b5f58e4f8e,onchain_unknown,0.79,1,1,goldsky
0x9e7596c0dff803f65eb098439e0c196bf0a3305a2b8ccae57fe8bf4ac036dfc7,onchain_unknown,0.999,1,2,goldsky
0xfb599e417a45ccc07516cbbf83a958971724fb31d411206a8ff756179b51c120,onchain_unknown,0.0115,0,2,goldsky
0xdcefaa440d5a670c9c7ba6768b6413e98ef87c91cfe5a810b6227f012da9cc00,onchain_unknown,0.01,0,25,goldsky
0x938a031b65f121d212e25bb3c7b9e7e02629a51315a108da5cca09287dab40a5,onchain_unknown,0.0077,0,2,goldsky
0x2981467025eae74e1ab55c4992297cd53d58048d7dae22345a3ac3faaa4e1ba1,onchain_unknown,0.59,0,1,goldsky
0xab93eb9651e2f0020a2bdfaae5f97935a135c659a6b001ea2519e98ce8bd57cb,onchain_unknown,0.7,1,7,goldsky
0x78e94dd2ba7432f95438d294ca834fa9e9893b5f8ed66500dd77217157b34893,onchain_unknown,0.85,1,12,goldsky
0xbc7b298a9427de41cb63f09a89ff0f71fdd66467c60b1984a41746a2e2dfb446,onchain_unknown,0.0198,0,1,goldsky
0x79a2ea5595dce1a5ffb75802b2b914d3ed0b7bb8d727ef2118d4a95ab4b035f0,onchain_unknown,0.001,0,2,goldsky
0xb9f73f3161ac029fd70b8d2292c2375076c051d829f1284ced4a5db412f9ea7e,onchain_unknown,0.09,0,6,goldsky
0x340c8d1a7e86c8d29e56bf6b33b21ead19edd840b27f373981430e4757faec4d,onchain_unknown,0.99,1,7,goldsky
0xbc692175b4f15cf690207042084c0b6251f6263e8516d999306d431a832c1f41,onchain_unknown,0.12,0,1,goldsky
0x390269f947e84d17d6631951bc0d1d21c139dd4d4ccf9aac118770b06e9778bb,onchain_unknown,0.46,1,4,goldsky
0xc8a898fa8ce2121e3bba1ee52120ed8ab4f8ea7ed5a6dcd9b138fe7b9e454c0b,onchain_unknown,0.944,1,29,goldsky
0x42ac3eb50ff077cdd7a7483795f2b9ff1eb5132ab07ae2d7b8dd06482a4ace3f,onchain_unknown,0.515,0,2,goldsky
0x6dbe68ed8ea202a53ac61ecf377e4ce14b9cca0548f7be09737e404e8cfd2de1,onchain_unknown,0.275,0,4,goldsky
0x89376424ce046ac1bcc60ca12ad2c4edcf5662ebb806f4fd863bfbde1ba86b39,onchain_unknown,0.45,0,17,goldsky
0x03c2271926c13386ceabaee1f925b9329a6d1472897831ccdb93f666f8105c7e,onchain_unknown,0.6318,1,10,goldsky
0x3c045c0de17da42e753831f8e0e1cd2d1224cb99f5e6e9d9c37b15bab2bc34e8,onchain_unknown,0.21,1,1,goldsky
0xaf53c8f5040d3f4a3a42d0d687a662f45e940920d486b979e0b7ad6b24b6dd8f,onchain_unknown,0.23,0,2,goldsky
0x076f5142534e9c751c698b265032cd386c2c73f2882a26bd21e468eb4c75a987,onchain_unknown,0.66,0,3,goldsky
0x68e59ef263cddd269bba5cc45fe90b9a9994d951876185ed28fb0e7bc2ee4980,onchain_unknown,0.999,1,28,goldsky
0xfc9d3e9f27217b2eb520f7bcfa9f2f13b26bb78e3ef63fc88492e2489b2eb7d3,onchain_unknown,0.54,0,7,goldsky
0x41ea9dadb4dc886f95b11e89bcc85d53399706fd3ff2eb4d3f0d8a7d96ec98de,onchain_unknown,0.63,1,1,goldsky
0x2b46a24b2b459f053f75b37bc0e547a159963bab2850c3690aa480cc840c4cf5,onchain_unknown,0.2333,0,583,goldsky
0x04d2cd281910c53b0ae792aa45f34075c48dd91d1ec27ecddbc46815908f2b74,onchain_unknown,0.99,1,24,goldsky
0x1908755265275c7efff3a5f78371351ffbd9c53e6273d61dd79d2bf2747b7e66,onchain_unknown,0.45,1,11,goldsky
0xcd477130ee05b7b441ce7667e5b3931825a411e2ed56efb149fd988e14ff307b,onchain_unknown,0.012,0,1,goldsky
0xe39092907e7e2dc2574d7005872152c80ca9d800843bf7c5402a91d93400fe29,onchain_unknown,0.14,1,3,goldsky
0xf8e73c35c4c1430b035e58352571b27d22eba3370faf23bd6a228ce769bb0957,onchain_unknown,0.62,1,165,goldsky
0x23f58c297e30cc7010474d546317c964ac953b5f218dc8337024dc09589cc012,onchain_unknown,0.88,1,15,goldsky
0xf8c728188acbf83a516cb43dd3e456e77c7fac0a56d4bc41c9bb6138cdbee093,onchain_unknown,0.007,0,2,goldsky
0x55bf47574d57a09b18537f6c18ae5ff925400512782b3adfcc946e71fb2a39d2,onchain_unknown,0.76,1,405,goldsky
0x96a483045decac02f52259acb9b3b88d064d4f9ab4c72bdbea4a7ce0ef44896d,onchain_unknown,0.91,1,3,goldsky
0x52a50aeace5061989e77715fb96eb4632d153b0857fda16dfe7fffd32ead6978,onchain_unknown,0.825,1,2,goldsky
0x4f98a2c661def8351f4a562dab8c5fa73b72ef0670e74fb528cc26a3077b9d6a,onchain_unknown,0.37,0,1,goldsky
0x9d0435a72f76f3769836685803b7950d21fef8cb230348d3e57c6304793d9303,onchain_unknown,0.2,0,2,goldsky
0x3a3395b478496534fe8cd9fa2f46b3a8955781f41323930f2a76ce10d7b0bbfc,onchain_unknown,0.39,0,1,goldsky
0x132fedfc0bec955253e903e0fd20db224a268487f6a34e25cd45a2b55c00eb4d,onchain_unknown,0.1045,0,1,goldsky
0xaaa6ee3092e91a716564958798cbdda7c0a4eb7bac578e726182810007f78fbb,onchain_unknown,0.038,0,7,goldsky
0xa3241898ac23ff72c334df24fef496080c75e08f2654fa89d8420a474d77b5c2,onchain_unknown,0.203,0,1,goldsky
0x8fe8b0f19001c5d61f186edc1991347a60eda9c5bc096f5f144c13d6cd72de78,onchain_unknown,0.001,0,7,goldsky
0xb740fd821a9718fa119c68acd07143e68280f04294a4123d11b3d930133aacf8,onchain_unknown,0.16,0,4,goldsky
0x63f59b5dbf9407dbae6138f2abb5d99fcdcf5d1f8978ffd882b07c83c97eb9ae,onchain_unknown,0.0025,0,4,goldsky
0x8200bc1b49e661ebbcd8f1efca4320a76488551b1e68575278cb503ee8ef0d79,onchain_unknown,0.31,0,1,goldsky
0x3981643c18b15adc9d1f5e1a81fbb3c8f67a7a0ebcb95fe129f17348e5bb2037,onchain_unknown,0.61,0,9,goldsky
0x10484251645eb8f3885903a39e696305cdd58f791ac31a7f35bb5b28f26136b1,onchain_unknown,0.01,0,5,goldsky
0x22472b24e4086d3320818d5347f79b3fcaf0536d19e4861d0a017b57dc45b3bf,onchain_unknown,0.76,1,7,goldsky
0x2ab25c6e905257251bcd81a6c0fc03148de199ce677dba2ca6c0573aea6b6c15,onchain_unknown,0.015,1,1,goldsky
0x77b83219213c931b9395d9a27e0482b0efc448a8a7d398e156612cc3f1d113a8,onchain_unknown,0.06,0,3,goldsky
0xaed0c0f8389097bff013db4cb9e9ca14c7bd3ae722041ff20327073f3d936c2b,onchain_unknown,0.33,0,479,goldsky
0x9078dd2ae4df0c4d56015169ed5f6d5e03cb9c83154ae9231fe6ecf30a54a0d5,onchain_unknown,0.75,0,3,goldsky
0x6710769c3570004374ff9802aa4f75ca6890fbf55e9e17442573bed3ae1a50e0,onchain_unknown,0.24,0,5,goldsky
0x0131c37b777242c27ef48d1d76e04d796e8767bf23b3075f830677890dce2234,onchain_unknown,0.32,0,1,goldsky
0x6e7f9ca2cf14c89b5c43186b391636fe3257b6e54561af8435690c8e558a7739,onchain_unknown,0.014,0,1,goldsky
0xbee3b4eceadbe551aaef411b7e4ed79d8e73552fcb87e8668b739bab622fc2a4,onchain_unknown,0.51,1,5,goldsky
0x41a9ac1bdc6d579f02b2302f777288c77c041820057cfcae8c6c3734333717d8,onchain_unknown,0.55,1,514,goldsky
0x51f0697e21446605f7814500fa3e68d8268e868638e6b4344efe17bc24b5463b,onchain_unknown,0.99,1,10,goldsky
0xe23b9f5c394ebf4aaed716c1c81a3b3f2413f515077e98cbf2fb473bb7f76c7d,onchain_unknown,0.94,1,3,goldsky
0x258c65f7dfc8d1a1d93844e2328518fa2b51fbfd4cd6d7830ae5d20b6849ce4d,onchain_unknown,0.955,1,6,goldsky
0xd4b3b9fa9f8291965e1d2bae6086cb4310488d103fbec9612aec54a5ed856cb5,onchain_unknown,0.2278,0,12,goldsky
0x1ac6a50ea18106d36ced054f2f426c62ca87a13ae5306896d95780bbd1fd13ef,onchain_unknown,0.9103,1,6,goldsky
0x8a7a1f4cc61bce839fdc89cabed8177020a79b969b4dfb4052b3aaa2db1ef52f,onchain_unknown,0.9,1,24,goldsky
0x48be2d5ec91b2b0bc419cc01e5c88c625cf619f78ef8c19c0c57b1724aedeece,onchain_unknown,0.002,0,6,goldsky
0xf524a00540af9659031c5e06ac8822619bd375911435c0b66b73181c5612b1c0,onchain_unknown,0.99,1,6,goldsky
0x94d8e0cd0264597f9dc6410f08317fda556291cc631b6367fc887ee96a5e23b5,onchain_unknown,0.67,0,1,goldsky
0x0f855f0e8762cb3e45475d102108210e87f4398fe6fdf5da0cefd822cb208fb7,onchain_unknown,0.065,0,2,goldsky
0x9f387839acfbb0d6de8b5c376c9001bf09aa5c1fe0757ffa0a93934d141928c5,onchain_unknown,0.8634,1,3,goldsky
0x3acb42d4a4da859a82ec3c78e6be641489985672ea7f28ae73da7c253af32fa8,onchain_unknown,0.001,0,15,goldsky
0x2a161f12a87d9754b7b5bdac8e67d7bf3e506a6b6ca31bdd2d181ba5da936797,onchain_unknown,0.967,1,21,goldsky
0xbdf0cacb57577376307ff005cefc571e258d0498d4d6cf380d84262a3740e1ef,onchain_unknown,0.886,1,10,goldsky
0xd344efbbda767f7bcb832b70b9745e72f8ab50cc7ec928ab7e18b01a56d51648,onchain_unknown,0.63,1,5,goldsky
0xe41512327f91fd696ef53dc30e53b81657d34cb1cf0fdaa19b5f7c1be9ed4ce7,onchain_unknown,0.41,0,4882,goldsky
0x5e442059e143c1de76bd4d58bd9e6c7cfabac6e8c0c34493f732f9e9870be264,onchain_unknown,0.032,0,1,goldsky
0x80580ebd234093890411a35a5c418ecfe131372d3936257be2ffa760bdf93d1e,onchain_unknown,0.39,1,2,goldsky
0x8bcfafc0b04f60e99cdbe2483c59bc2029872171315551aec5ab1abca7cdcf4f,onchain_unknown,0.89,1,2,goldsky
0xd3b0296112df1e4518509541e391693f297ffb1491466619f3caf9e71557a2d0,onchain_unknown,0.87,1,204,goldsky
0xb1f3b2e6f5d38814ee1c9ed8a821afd83eddbcb99a06cb09d539546e9c89ed84,onchain_unknown,0.023,0,1,goldsky
0xaf87fef97f642476fcb6ef3565f7a7404ef92b0d12769ab74a504f53187ef28f,onchain_unknown,0.1,0,33,goldsky
0x57eaecc01fa958ff154eaa7c62ece6d777afcd98cde69969af2880469d425556,onchain_unknown,0.19,0,1,goldsky
0x785fa708ee103a29d2f78fc217f8ad5d0aaaf10a7b7cbcffc01d81f72281a261,onchain_unknown,0.38,0,2,goldsky
0x94f24dc54abb81434458b1bec1ecdbc2e5811efb0c58c47e9262573e96a73440,onchain_unknown,0.95,1,26,goldsky
0x67a8543bf23f52dfe5c908f512ea04e749c9044a6ff1a9fcf32a60b936b79472,onchain_unknown,0.0085,0,2,goldsky
0xc16927a84283ab3cfa7cdc94057d05e585b2b4b3c3cb9d971fb3acbd0f1a9d5f,onchain_unknown,0.999,1,5,goldsky
0x987110cd8e2869d31bf6e184a3815df400034955f55e87804f76059a8496c698,onchain_unknown,0.2063,0,3,goldsky
0xfc0c49c13e6138335627e7a3f43ec891cfe6ab7a8abba1e960d2a87b1fe5274d,onchain_unknown,0.2,0,2,goldsky
0xaf981c8e0412e17e7ae5e9c9d21452bd5618f2bd58ab52e8e1d178775941ec5b,onchain_unknown,0.001,0,16,goldsky
0x56210c25d6328f07b069c224426ce8331ea3f8ab1928487596fdfba74c2ff4db,onchain_unknown,0.5,1,7,goldsky
0x601ed9aa2d6e1e5b406a1485934995fc5c4373d91f3e7fc219fb23e96a81e5fa,onchain_unknown,0.01,0,6,goldsky
0x2c04dbddd13f47611cb777316a379beed280e71a17b005482dace409db21d978,onchain_unknown,0.97,1,1,goldsky
0x34e6c47023fe505ab4f335892fbc0e7ae08e9307d183260218908689e69e11a7,onchain_unknown,0.38,1,1,goldsky
0x8e7a03cb1970e2ad6533b01892403516b6b3f5b5fa90ed7d104c28b27e40ba00,onchain_unknown,0.029,1,6,goldsky
0x238964c8e4f645d4bc2e4023b78f2be7661ec97d30767ca17f931862edc083c4,onchain_unknown,0.88,1,1,goldsky
0xaaa37a6748c1bd5c8bc20f30f9a6085fa1aadc7e9414360b304f3eac56e252d0,onchain_unknown,0.47,0,14,goldsky
0x5360f524a00e2d02089ad82fe32061742c2df6ad282d44d6f91b96f23c18af7f,onchain_unknown,0.004,0,2,goldsky
0x48d0d13c32df23aa679b57c34a96d790a525a795843447df079ea293b2a2f644,onchain_unknown,0.072,0,2,goldsky
0x53ab2b6d99d09fc4d18457c52687ab1b203bb45cbe6a522981470e779fff3ccc,onchain_unknown,0.29,0,466,goldsky
0xa7942606a094cf443cb44fca12f758ef81e268313322e159fa4194253546e431,onchain_unknown,0.59,1,11,goldsky
0x1889a2b777aea48dfc49618adfe5df7d9b564a3139223ebc18f65949e50add8d,onchain_unknown,0.0205,0,32,goldsky
0x1a994ea652d689cec44c0130bf132f843b54629e8b594650a75b52ecec9ff923,onchain_unknown,0.43,1,2,goldsky
0x99c8d5f69d6b990b979a56e4974f1114c21d14ab8b58336df32b876d0b3ca94c,onchain_unknown,0.001,0,11,goldsky
0xad74ec4c2b537ba1d1c914dee6a9a551136da2bc6706908aa406b028a5ce4849,onchain_unknown,0.03,0,5,goldsky
0xfd0978827782041827455fe940de9c5c1bdbc4f39aa15318fdbd42541dc0c898,onchain_unknown,0.815,1,4,goldsky
0xce77fea92b94231effb72877b90a88441433c4e12e0f58a779c5b8d5bce74bda,onchain_unknown,0.0311,0,2,goldsky
0x59d70fd5b251a82a84e7f3c7fad93b278de486508d56f416f5f473788fd3b8ba,onchain_unknown,0.17,0,133,goldsky
0x6a0a1887d37e2175f1c7db5e8d27113da7a5a34ae800bd06d73e69b088e44bab,onchain_unknown,0.47,0,1,goldsky
0xf4d27cb086a1ff06061b75971623e99f57d760c822be879442fe8bdd9b8421cd,onchain_unknown,0.021,0,1,goldsky
0xf1cc5f431c17e073b511955a95c7f307d83edf7b20d3c9eb85c8705800073fe5,onchain_unknown,0.86,1,18,goldsky
0x54ea914806de772d9bdae1f4bb9b06fefeffb29a20174ac2a98cb149bd91ea4c,onchain_unknown,0.017,0,1,goldsky
0xa1d97efb8a19de58d995edf58b882c4f99ef356c8a564af8daf888a7610edea1,onchain_unknown,0.12,0,18,goldsky
0x2a4e373c0d652509e6c29fb69bf23249c2f8ccd886f875cd6ac89c5c217db76f,onchain_unknown,0.27,0,3,goldsky
0x02473afabe0df874b1f6c2710d6b13da6aca6d723d9de64dcc71eafedc5152aa,onchain_unknown,0.001,0,6,goldsky
0x626d0441b078eefbe2c49047960e7a3b6b4512c235507a2528ccc0f95f2474a6,onchain_unknown,0.004,0,7,goldsky
0x2f6e73b77c95ee93f5d8ae3ec70b9d9634633f10a24f4af634982f551babfd3e,onchain_unknown,0.9,1,337,goldsky
0x1c82c4427d46c6345d987098814a97a6816101bc9075764ca919d554b8b434a8,onchain_unknown,0.75,1,5,goldsky
0x08cf32d2b69c0f573360ea57b3c4d5949e27317509b293513bb70104f4f44ab3,onchain_unknown,0.0733,0,2,goldsky
0x67ccacf25b776f702912ef37f567f640e8abd8891154d659b1c7c8b7ec90587c,onchain_unknown,0.7,1,1,goldsky
0x740d65f3efe216ce2151c97ea34a52189361e9db89bf7f91e87d411c0117a29f,onchain_unknown,0.0365,0,2,goldsky
0x0d4ca709025f50de4d461e8f01e7cebcb818b06659421922c2b40e8401eaa9b1,onchain_unknown,0.9,0,1,goldsky
0x426e1a2bf40acbd9ce628c5b5a3ae1ed01f9cea7dab904fe3c95f5bc65ce7c97,onchain_unknown,0.86,1,4,goldsky
0x0f5283ae703275ab36a666ebcc0ccadf74851041b04fa12164ee2acfea18211b,onchain_unknown,0.99,1,7,goldsky
0x4f0e9d0a3a05fa7ae9e62f59fdc10dd73bfe88a2cdfc6a46827a4bb4f8179600,onchain_unknown,0.12,0,48,goldsky
0xc0a1d806ee2c2758aa4ac687701c95da384f6929aab9cbded916bb5bf87ffff5,onchain_unknown,0.985,1,3,goldsky
0xc0c95243591db57e82d43cbfdc12bac5cada96127c304c23cb87bca5e964a3fc,onchain_unknown,0.54,0,9,goldsky
0x44448b2801a8042d898cf69f857320f3a879948f2ac65672fc896109fed6fd52,onchain_unknown,0.032,0,1,goldsky
0xa678b4ce1c24648aac94c6281324651987fae0d18f6b8fbf74f86de54a08cb00,onchain_unknown,0.75,1,1,goldsky
0x48fcf3224b0274715170bb680ec226e48afbc98625473a68d698e05135a5a694,onchain_unknown,0.72,1,11,goldsky
0x6ce1b35815e88ccd98c9462989464c6d3d9e35cf9447f67039dc7e460e8be91e,onchain_unknown,0.15,0,1,goldsky
0x530502785d43abc8ce0f168ebe57ff783680f12814858f60c6dd4e47cd6e3366,onchain_unknown,0.001,0,2,goldsky
0xf1341afb62df6ed9b22ccb084f6f4f949a2ee51252fcb1cb9fef4de630520058,onchain_unknown,0.001,0,6,goldsky
0x6b2864ce7c330ce50a66d8c36d501eaaa15c0f5980e879dced1803565e8fa29e,onchain_unknown,0.22,0,88,goldsky
0x203747faf27cfbf414d76c3a9f6b77f8f7cb50d690cd2baf27abf54465680624,onchain_unknown,0.001,0,7,goldsky
0xfe8d9d554dc616afb9a574393aa881165b7300e67e306731187e34ab1c41be8b,onchain_unknown,0.74,1,3,goldsky
0xb62544ba43fa5df4f20749309a8e2fbb54184b67e2011d970ced1f09c5eac90e,onchain_unknown,0.68,1,3,goldsky
0x2e1098efecc666fe8126b434b512a1a6ec9b8e26f68727db2837eadced750db3,onchain_unknown,0.0588,0,1,goldsky
0x8941bee7f5c43f5acfc9efa6e511caadda30552e2a71a6b6f74552b736b4b0a5,onchain_unknown,0.54,0,1,goldsky
0xc4d1ce1071de9415bb287455d238f39d63652347011f44369feb90db96d9854a,onchain_unknown,0.999,1,2,goldsky
0x916364792e4aa564f55b1142a6eab9ef86a15bef73c05c805a8f9572ea6a2a3e,onchain_unknown,0.16,0,6,goldsky
0x3b6e28dcff1d4cfed3e169baefd383fb2ac39698d695baaf9eeb73f0e83cd6f0,onchain_unknown,0.003,0,8,goldsky
0x2eae12468ed88b68c153d7dd0b007f2a237e8e28c6ab91d9b938f9d694d43d97,onchain_unknown,0.015,0,28,goldsky
0xbf9d9ee18e7f7ac8946f9c91ab8496dbc4398c32ca396719fb2be3e122179fa5,onchain_unknown,0.0104,0,1,goldsky
0x0a8101be912da2baed5df7c19e9f3a2f318df499f71bf65477e7599ea6f324d1,onchain_unknown,0.35,0,6,goldsky
0xf7c098039d7d841f7079ddb4f7841822fd982b67ed77331c2c59916aa809d018,onchain_unknown,0.01,0,7,goldsky
0x617968f772e76cb862d2a159df0e13266df9bbdb73a2c15e3a94b346ab1b9368,onchain_unknown,0.72,1,6,goldsky
0xda3ff22d8497130a7bb99c35c50a6b480c44f2863c2459bd309d8584fcdbc4f9,onchain_unknown,0.805,1,4,goldsky
0xcc16834548e5b9068abae15e0c64f20eddda49e2ffa30ab4c54a068e86cfe153,onchain_unknown,0.4,0,16,goldsky
0x9d6b7355dd766a33c1068772ceb9b950455113af1ddf96c1b48407160967c495,onchain_unknown,0.81,0,1,goldsky
0xdee78e838c353ca6884cc7e1cd2fe134962b9ee69ca69d241f0be3c02bd22d26,onchain_unknown,0.99,1,1,goldsky
0x89ff7fd3cfe024900e97d8d9b42f6abe985bbd6e759ba9e68758c8fe8571be66,onchain_unknown,0.0198,0,10,goldsky
0x83ef6842535fabe56782c7640509968a34d4aa1746ca88f4b643519849d5df42,onchain_unknown,0.3,0,1,goldsky
0x3dcb4361170a7e933c5c9b13b8c5c87dc12259c197290deebf99066b16652c7c,onchain_unknown,0.15,0,6,goldsky
0x13868b2e3652b3d226fa431be9aef48f1fe4ab34d6aad850eedaa337d15faf81,onchain_unknown,0.129,0,34,goldsky
0x0a0ae022da67d2ea1c2753129b9235293a4c30f03402ac3cfb7de8c92109f5ac,onchain_unknown,0.57,0,5,goldsky
0xf74326b8b41bd86906a9af35fd5ee776649a928ae9e78adff88449904242a11a,onchain_unknown,0.3718,0,8,goldsky
0xc1ff72d308e06294ffd532fbabd8eb54ec5afe951f94892b5717b25dbda1529f,onchain_unknown,0.13,0,1,goldsky
0x18fb1ca5ab3f083dddbbe8a457a54943513112383b9ef6201433fd1759a1ec45,onchain_unknown,0.63,0,1,goldsky
0x4e4ea9a9390c24345cb5f50c50bfbdc804dae513f09d80f862bb95cb99e396aa,onchain_unknown,0.2,0,2,goldsky
0xa892f28d0e44181c783b57d9fb5535833208a5a7b5e5fa57efb819e2f8ead600,onchain_unknown,0.04,0,1,goldsky
0xf07363b5ffe66e94ac95838e6b5ad4d17c072d796cd3ac009711a223d8c6f6eb,onchain_unknown,0.64,1,1,goldsky
0xd5d6fc37d440994d26b8da60abf401ad60742bd074f37d976928d9535c4ea4b0,onchain_unknown,0.01,0,4,goldsky
0xf7077bebd8b9613ba076f17ff432e296017d57364193d79b9ab0f8622287fab1,onchain_unknown,0.28,0,57,goldsky
0x74838f9f3eea61a37385bdd635c153c3d063c76d9173aa652faaad8471eca91a,onchain_unknown,0.52,0,4,goldsky
0xe780d433d314b55366690b9f4cc3036a8231d666478fbf3cccf10dd66fb212c7,onchain_unknown,0.495,0,2,goldsky
0x1e163ab55ab36941d680fb0da9c068d0e181b5e470cfa321d5cd5fd8539fad0a,onchain_unknown,0.94,1,2,goldsky
0x4c608ba88f4b6981f2760e553926d893c558be6064e05b04a94efa00cd880d9d,onchain_unknown,0.002,0,52,goldsky
0x164d14a70dfc1c2ecdebf06a98b7533944d31b29973f49fda40af9be885cb347,onchain_unknown,0.37,1,911,goldsky
0x1081498f18c528f543e0342046f5a0a638168b9a3cb9197d4529addb1e76f8e1,onchain_unknown,0.005,0,2,goldsky
0x827f2ba22d27d5f476b64114909a0fd217a551a4532fd053b026dd392573b24b,onchain_unknown,0.0015,0,58,goldsky
0x2a90353a7f31a5de5f07f59a55a4ee7cff6e89b1d1837452acc793b1ab1f3169,onchain_unknown,0.999,1,1,goldsky
0xe5858ea29dbed9382d8964a725c233e4354d816923b77e7d271b8fbe31905659,onchain_unknown,0.5,0,1,goldsky
0x238dbca6bf7ecb24926a8cb2783b684f5ebdea6ef21dbae5d9ea797434417ed7,onchain_unknown,0.49,0,5141,goldsky
0xaf1e5a91bd96dc237cd0ce23c701bab73200b59e00b7487eebe82b5a342b283a,onchain_unknown,0.01,0,9,goldsky
0x2af41b65da35be66b9b7c11392005e33b5cc24fce3d1c2b90b547a6e8dcdeb0c,onchain_unknown,0.38,0,3,goldsky
0xdeaa139d881435c1bb22819ba8f37448da7d6c23d35ca2a749a1cf9dba309d9e,onchain_unknown,0.9388,1,4,goldsky
0x14235d6b12ea8758c8fef651bf37989bcc58d036503d99ba68c417e7efe20110,onchain_unknown,0.21,0,137,goldsky
0xea75b1ff21b582e417762481e46de744f79073b66707ba34d547676775795f1c,onchain_unknown,0.505,1,2,goldsky
0x342cbb45c57c331aa05068567026970b237ee23d46ad2dd3b3033187ebbee3dd,onchain_unknown,0.06,0,171,goldsky
0x40769e79625d7cd95a0901ba56fbf1d9073f47971ce5acb72a21aeb45f147b27,onchain_unknown,0.1205,0,2592,goldsky
0x0920438224492a1b91edb869e2846822f94a58c00ef2ace39e7e5aea6dffc374,onchain_unknown,0.72,1,3,goldsky
0x205d4ba210404b0b656228003eae80eb9103c548093e363f7a29e1f70d61fc8f,onchain_unknown,0.992,1,1,goldsky
0xb951ef8853d647b6f136f381902c12661581b4dc1d9ff9c36c8308c61fdf03c8,onchain_unknown,0.48,1,8,goldsky
0x5c8987992b31ef3085fd5e6af93ed6f37cb5b8a7f630578de7887fa6e1a2622f,onchain_unknown,0.84,1,1,goldsky
0x88be37cfbef4e56a62949b176acd793994ad6032849a0a670e336985e6e087e7,onchain_unknown,0.0783,0,20,goldsky
0x28a89e7e16dbd4cc8320fd305ad5e31eb050a74cc1ecfae66583dd706cce9e0a,onchain_unknown,0.99,1,32,goldsky
0x88b9cac47da3b93e2ccc5a6ce9b634b33770a2c347ec19c2ae34be549631faff,onchain_unknown,0.0162,0,1,goldsky
0xc50da618416b58afc15333f596e21f4eb1323ab080b003684b471b3a45929df1,onchain_unknown,0.06,0,297,goldsky
0xaf5ca19dbbfbff3d1dc2aeff37d8bcdf72fc00856cb79c19b1ce30fc7ba64c9f,onchain_unknown,0.001,0,1,goldsky
0xb76f515fec23bbe4b302d72e0c8476b13f866527c9b6babf3871d305aeb020db,onchain_unknown,0.05,0,60,goldsky
0xdf4d10e5274e335ef6cfa549a16bda85ab5cc6da69aa5769daa7440fd08ea053,onchain_unknown,0.99,1,3,goldsky
0x4619a2052c2841d4f21ba3935d0b6ca244b2190e361c3d352c4eb6a7ebb8f919,onchain_unknown,0.12,0,2,goldsky
0x40b6569810a3e099029ffcc4d8f31b635a4765bc80e26d237ea362534201c7d3,onchain_unknown,0.0025,0,4,goldsky
0xe9b3689f18821f4417a33d6252f32c143f5f80b1bde8f04a12996189a90eaecd,onchain_unknown,0.002,0,1,goldsky
0xad3e77600fd5f2aba661092270fef1b44f1d7dcad84f5cdbb43715cf424b7908,onchain_unknown,0.63,1,1,goldsky
0xa6de5c482c8a6438e62964ac7fbccbc8efbcf6f2840aacba01a69f345e0d6c29,onchain_unknown,0.56,0,5,goldsky
0xfba1490606f2cf628340dac166aea8c1d1695a5c954dfaea0441e2c7dc6b1cd5,onchain_unknown,0.01,0,7,goldsky
0x57c1e8de9d359a76055fe1be95e46a1e72d0537811dcc2ccf070cdfa73d8ba33,onchain_unknown,0.31,1,11,goldsky
0xc53e7b31acb5808dc9d06785c5ada0c2dbee9ca46b3eca2ca18fc2745aa716a5,onchain_unknown,0.0065,0,5,goldsky
0x392dccd94003281a10ab1404ef4e210f888239e16744400a5bdcfdd13e4c1bb7,onchain_unknown,0.39,1,6209,goldsky
0x9a90cdc14c6376d784579da5be51aebf340c391959df65c86a26fbce1ea03ddf,onchain_unknown,0.99,1,12,goldsky
0x9ccfd8e9b999fec9400112de9a1dc4dc7dc5423b8d5c4ad6c328ab992fcbf8a3,onchain_unknown,0.97,0,3,goldsky
0xe27658aa79214bdc30096be1dcb81f50ed6335ae5bc4dac252d4a48edd050b9d,onchain_unknown,0.993,1,9,goldsky
0xd4be6aa887059f6b3b8f99bc0ab1e99cb71ae9dee37dd97fc33f3225f2a0b7d5,onchain_unknown,0.998,1,15,goldsky
0x433277445e4cf137ad03a46341d1ac2ae2036a8161be0e20728d5e5eb6b46ef5,onchain_unknown,0.13,0,1,goldsky
0x43a68dd126485c8b945d3e56460d486cc18bade207bcd3127b6fd238b8b41a08,onchain_unknown,0.999,1,2,goldsky
0xe33588b9e8e74ef5977c01e9cfb461b0ce52b785c19df5b24c4f81096f0a5eff,onchain_unknown,0.385,0,4,goldsky
0x5ff4ab8d8a5375ac550ee7f117faefd327de4d0895027885beeac05366fcbffa,onchain_unknown,0.08,0,10,goldsky
0x2816598e22b74015aa1fb4aef083fa1046b3d494b293937c0468e6b68bb9bbe7,onchain_unknown,0.999,1,2,goldsky
0x8e91131926ef4aaf9c73c1660b946f7486f97d29be3aa3f7b922ad0c22f513b9,onchain_unknown,0.52,1,4,goldsky
0x0961a1b47b7c95783b4896b10e60686b4ac9900d90315402e98aa3aa94068c3b,onchain_unknown,0.08,0,183,goldsky
0x52d0c0d8fb90898684b61667ec9b246cb0058438bf05ae8e246881e8739a52ca,onchain_unknown,0.36,0,1,goldsky
0x850e0da28a4fd34aeb344f0f134fddb76f6435dda6a6dccb51f26abae6832080,onchain_unknown,0.3,0,2,goldsky
0x03f211b3b491846ad52bf10546478640f33b6ce1fa8cc915cca1e2cbd79e2e7f,onchain_unknown,0.475,0,4,goldsky
0x64bbaecab26c7ac55291b9c59a28e49ab86e86bdffdce4c12a27805d61704fa6,onchain_unknown,0.14,0,1,goldsky
0x5c691036f98de7480a01e1604d26992987a84259e1a72a864a154ba21ffe6732,onchain_unknown,0.44,0,1,goldsky
0xcb062d2923adcaf7bdff5c1209225b4af8e5ad104c618a13ab7535d48f8069ee,onchain_unknown,0.001,0,1,goldsky
0xff7f825058ce2569c08ecf6847fca743b5e885bea614b2811f065bcab27ea6db,onchain_unknown,0.15,0,2,goldsky
0x86a0612ebb31ad219902d0df37cba1b3225b4c688556427237c64148612273f7,onchain_unknown,0.24,0,2,goldsky
0x31b0f68395829660adef609b5a52f9f15f3d0daef2e8728b9c5eae3d6f6626e1,onchain_unknown,0.85,1,2,goldsky
0x702fea9ebd10a94a04e198ef4f1e53b9d0f2c28d30d9e87cbb408d78172889b3,onchain_unknown,0.03,0,2,goldsky
0xeb117c588b18ffebd8c124b8c07bf95a3f5cb572df140f3dacc1abd15353644a,onchain_unknown,0.52,1,2,goldsky
0x33fc3bf89c137ba51eaa946b7d5360413ee80f2edba2124c7d3b10184658936a,onchain_unknown,0.22,1,1,goldsky
0x34754b217c530433402b30f238fee045760592c93c06f977b0a805911005c723,onchain_unknown,0.2,0,1,goldsky
0xcb56fd22eb809da65675bb92256c5da5c61847055a25d1bbd706eb5ec02f0d04,onchain_unknown,0.09,0,1,goldsky
0x12b504a8d8b48e2cb364d34d17e188b85b84acf07ef4401c6b7000f66767fcae,onchain_unknown,0.9,1,43,goldsky
0x81929235941154b8dc5e7632a3bfb8afbb6ffe395ebf04879320c7de51a79e5e,onchain_unknown,0.5,0,6,goldsky
0x9e3dc8a7347a77ff12675047b65363518b3c864d8658a2488f7d5a6c6e703c6f,onchain_unknown,0.003,0,4,goldsky
0x73638f36e85778e378e80a7b70fed6f5feb9ef00049e5463c0099fe0b40e1517,onchain_unknown,0.0055,0,2,goldsky
0x5e490c29cf69bde50c52ff9b7ec5679a8c240eccbdb178d788b4e49d33d0dded,onchain_unknown,0.001,0,5,goldsky
0xb4419b2e4bb4315e0a407a22a3d7bb021d5ea176514a8270c80d77da7645b0e3,onchain_unknown,0.02,0,9,goldsky
0x592aec12f2fdc05e79aca8b0dbfe1470d5d79960b2cf668e2b850d4bbb516ab7,onchain_unknown,0.85,0,1,goldsky
0xe7f2c79087145d0cc4266ada34efbbc57439aab21face581d1367f612c9bb1a5,onchain_unknown,0.085,0,20,goldsky
0xcb5c7a711ddbf3af60c3dd349d50460d8d27bee46c0cd6cd507690eb5d7646fc,onchain_unknown,0.001,0,1,goldsky
0xb9a682d5ca8c899303e388988c1d473d49dc217d8b32921aaa935caeb1c1616f,onchain_unknown,0.04,0,2,goldsky
0x18599e9d581346027e2257d2c78c6b028669cdebd577c25f69cacff233d23a3c,onchain_unknown,0.99,1,5,goldsky
0x14e369ccc14ef60cba89ad0cd46cd6ac167f7c0c3820f3a7e6c5a81650d32af8,onchain_unknown,0.01,0,31,goldsky
0xb907d97b14920684f2bc2635ccd7c262990dec2ac4ade90a183bb9cbe2a8682d,onchain_unknown,0.05,0,193,goldsky
0xaa0f587ac9d262d89593e2a1add7874b3487d7354a4025df68e99a31a1f12f57,onchain_unknown,0.001,0,2,goldsky
0xea15a10e1fb020e09979f1a8d9ed3e4a5880b4b000240a13b6c8e8c59ed60d78,onchain_unknown,0.001,0,13,goldsky
0xf1051836a8dc896d983e38c021c9c6e80ca6449933334df221b5708be3ec2935,onchain_unknown,0.01,0,18,goldsky
0xf5d51a5eae56dec960a449f19a9e63423203bb43dd06130cddae4e9a545b9fa9,onchain_unknown,0.99,1,7,goldsky
0xe52f520050dcbc0d1d470e2f1e487d1560b128c188a27f1166f184e22bafaff7,onchain_unknown,0.42,1,4,goldsky
0x277de6ef2ebb912f62b2f80976ef22beee198096b035be0afd8d572b52ccdca0,onchain_unknown,0.03,0,1,goldsky
0x5f48b1799e796e3f0e045bfbeff524c15767906b30fae351533d8bbf4f1a3c5a,onchain_unknown,0.05,0,1,goldsky
0xe18df6a37faffc02712dd749422dec6705dc5d6cdffebd92bbc018ec179480d7,onchain_unknown,0.01,0,11,goldsky
0xd13fd2ad4487e2628fdedc95ca6a4d0d1d8b30d7d94027d9c1462ec3b8dfa6ec,onchain_unknown,0.01,1,5,goldsky
0x6b2ec07dc06c1e02f05337df31848c311a2a9eb06811015958783caf2801a6f8,onchain_unknown,0.68,0,1,goldsky
0x77ee3c2d41d80d1897e9bc96b25bbb107d0500d3cfd56ec774351775a1c88b0c,onchain_unknown,0.49,0,3,goldsky
0x4fa9bf879213941014e91de1631e9e1b79593cee86a43290bfc7ebba8a37b250,onchain_unknown,0.01,0,6,goldsky
0x472b68bddef3674f082c26e44a32556555239666f5f868ae57bc813d8ce11c00,onchain_unknown,0.34,0,1,goldsky
0x44b9f06ba96c7abb2041d46d8986346f936d60e603ec0de13fa5c1eaad456fb1,onchain_unknown,0.02,0,8,goldsky
0x3641cd58a2bf5114232ae78b827bd45fab434230d0df94a4c7d8c6b9e979144c,onchain_unknown,0.37,1,5,goldsky
0x814ecf7cff5c5aaaeb9d7f60388d03bd7106d94be31e60b02ac2ca01715843c6,onchain_unknown,0.007,0,2,goldsky
0xde65e43f1e7d32d1603f383fdbadc82220f89f1a9f3e0feedcf9e1346287a2ee,onchain_unknown,0.32,1,1,goldsky
0xd3270330a3aa96b56458b439a90f319c1d326f28476f75727d0852ef59cef5c9,onchain_unknown,0.002,0,15,goldsky
0xef77d3f94d3098ee424f30ef12711660d7ec25a9427537e00b2d9bcc03d56bb6,onchain_unknown,0.06,0,3,goldsky
0xa7c7dd7c22d1dd81e2e0a4f8c44c792006add8ae503e568a2746cffb0dd0338f,onchain_unknown,0.01,0,1,goldsky
0x9eb43f7163dc9d9454cc0ab1c3e644901bfc45d9ea794f4e2b808459a22647cb,onchain_unknown,0.57,1,3,goldsky
0x3422f174754e044b5f4e28633abbbcd09a9c16fd91b851d7beedf951a6056e52,onchain_unknown,0.01,0,2,goldsky
0x0156afaadc7e075f88c3dad29d699cc9e604e101396f830a02cb999f2c9e6835,onchain_unknown,0.99,1,1,goldsky
0x36f9427eba5c0d4998dc601dfcabcdc4c05fb57ffab0ac55d2fcf60572558c6e,onchain_unknown,0.99,1,10,goldsky
0x7d9b781db739da8272e5e9187be48a95d74391d5c5109d2710e1a659dab3c556,onchain_unknown,0.25,0,252,goldsky
0xa676e63c04934a4669b89b134b8c5020c46b6687049cda97d6e209277ce31e54,onchain_unknown,0.006,0,1,goldsky
0x9b930ac4c07d3b2f0d64afef042f65e9b31cf0e3424f0492bee5d32e36e885ed,onchain_unknown,0.38,0,2,goldsky
0xa5d8edf079750ac69408a3cc752d07a4fa19e0f45f3b598be0ad84c13571d642,onchain_unknown,0.001,0,1,goldsky
0x7554a21b4ea85ea23e3504f762b56386fd5c21510dcc63ae32a9358e8f7a31d2,onchain_unknown,0.38,0,2,goldsky
0x8a8ead8ae3f8e0c851116b864951eac3a07db2b586d950574917b4f49ef49e82,onchain_unknown,0.012,1,2,goldsky
0xe037fd802400e8a601666cd052ad1d40a52c4c101d30c4d5d714b4cee7855b58,onchain_unknown,0.002,0,3,goldsky
0x048398094a173ea17bbf318be22bb271cde9e60d8ec7bedeb63bc8baf79ebb1f,onchain_unknown,0.185,0,94,goldsky
0x97c3687b9fa41e7c66adc6f3473bd88810a8597a2616a37634bf511ca654cfdd,onchain_unknown,0.02,0,1,goldsky
0xf4e608a969dd6afde4eb4498925a3bc9a93110122b82dea3fb701242b138d507,onchain_unknown,0.02,0,1,goldsky
0x73bcbdbd6627ab4f1ba48932859537d518ad8bdc4e6f47ab2b9d061e79bb70a9,onchain_unknown,0.4059,1,3,goldsky
0xd749f7f15df4d76e621fdc88eabe87198b535b8d49f5b3918bb562701feeb939,onchain_unknown,0.005,0,2,goldsky
0x69412644b2a0ea379b7947987b25beb02e7f4723449bda8f2f201fcc2e9a9f57,onchain_unknown,0.52,0,2,goldsky
0x9da0cb4aef7676740f45f008aed2ffda5a20245ff3e5c6cf80365102f36bd0f6,onchain_unknown,0.043,0,1,goldsky
0x01c034e3f5b0a9b309da370d77e2f8fad7982f477fc373bad601edb8a4391886,onchain_unknown,0.005,0,2,goldsky
0x4d3325d5b7e9a3e89fc4a8729d935eeae2f2c76d8fbd253c977eb15e68d5dacf,onchain_unknown,0.32,0,1,goldsky
0xc56c19008e4c35c8456a9e759e3a284bdc49a5ff14f62035ec67ed2616b7e5c5,onchain_unknown,0.3859,0,1,goldsky
0xa8e90828323025a25ad3cc8ba01053dc40afe2e6b8be66b6786ef2d774d49638,onchain_unknown,0.52,0,4,goldsky
0x140db28a2438959daa9c778b6a31150ebabd9493aeddab8480e4d3fab1ab20a3,onchain_unknown,0.33,1,3,goldsky
0xb8d36c974fe26a58e8bf60c030e4ea0f3d1900d441c110f400801d09f565fe8c,onchain_unknown,0.069,0,1,goldsky
0x316335f4359e966db915a1d4097d6ee3eb651def2178d49a5350fcac2112d518,onchain_unknown,0.002,0,2,goldsky
0x3d206d3662da38668c0b3f2adff5e318a3114ea7d6120bd6242ff26044716907,onchain_unknown,0.41,0,1,goldsky
0x538bfca86035117ad89239ef0711708723d0cf6b0f0f4685fcac24d7a7d10aaf,onchain_unknown,0.025,0,10,goldsky
0x17467a9b1f9fc230ce25b5c3fc17f63b565489e64880486638409d0af63cd9da,onchain_unknown,0.0108,0,1,goldsky
0xd15f69717dd4e2430d2bc9e071d32aa7822d4ded194fa54fc42c8305bdfe9a5f,onchain_unknown,0.86,1,1,goldsky
0xe7fcda17f40b8c6011626fe19e7e0e03782fd1ff3d2775332b7742797c7348e8,onchain_unknown,0.001,0,1,goldsky
0x3c8cfd10ca70703a9dc5c9f3bdaceb168c160ccf426f56f9a84576752ace8081,onchain_unknown,0.379,0,2,goldsky
0x06dc9aeb106cfd59604927f7ed66cf98f6e4f793baabee4caee156afcfabacc2,onchain_unknown,0.555,1,8,goldsky
0xa7f5bda573e7662a5fbd8f93a7eddd5bc500bc13671a116a8a1e7346c9016cc1,onchain_unknown,0.63,0,1,goldsky
0x73088ffcbef70c1031a209c20aac1c62e7f608def13caf1fe38f538804ef17ad,onchain_unknown,0.98,1,1,goldsky
0xfa67f066ba38dfa9ec8bf62dd031ec81f83761c52cf857879351b876c1e62edb,onchain_unknown,0.995,1,2,goldsky
0x1adbbf824d34049a5d85136d531f61c5116717e150064266175a6a1fb264e124,onchain_unknown,0.07,1,1,goldsky
0x8856613ed487cf353a704ee3582742ada5ee5218e43484e8496f3c36e74a6b89,onchain_unknown,0.14,0,1,goldsky
0x126d328906be1be31246c6d8f88ba852e4002d7736f9ba5a27cc9e1809340df2,onchain_unknown,0.001,0,5,goldsky
0x08089719273c023931f7e6761f920ca2d980152374c428841a2ae4f6eece845b,onchain_unknown,0.9766,1,1,goldsky
0x504108d6057c565ea9283bfa849c41043224d23d0709f326d8e30fdecb50e077,onchain_unknown,0.51,1,1,goldsky
0xc8e2c9be2f4c07d0f0f716d6484b747a27c21c42d890ded4e1eb4917430c61c1,onchain_unknown,0.46,0,1,goldsky
0x59bbd204af25d1984ff708ac9e6759c1440583ad5c88f5c06f2b437e0607d6bf,onchain_unknown,0.001,0,3,goldsky
0x8579fd14c40a7c7ff3cfed99e68f6e864a4df5bffb9a4e5bce90bcb1ab7322a8,onchain_unknown,0.001,0,6,goldsky
0x51fbf3eadb2c2af9d1265034fb54ce96a57577396ee3ac96aff56bf7a75839d2,onchain_unknown,0.095,0,1,goldsky
0x37ce8e7e56851c4d6b4400d44d94ef36fe4910409ce6c255aa77a8cc09f5ec70,onchain_unknown,0.49,1,2,goldsky
0xe90614e73caa71123608ef17cdfc4a35a6551088ed2e74323038ba5e0c9ba841,onchain_unknown,0.12,0,2,goldsky
0x046fa7a5408ade1340df0c5e163f9eb6e99096eb0ee72d05dd66d1d294e27aa2,onchain_unknown,0.5039,1,585,goldsky
0xed8bca65c14f9fe662dc92384475a4e3f3dd0328ee126b45032a86b558efc511,onchain_unknown,0.99,1,12,goldsky
0xe0627c1be09820ebd5f298317c53d496e5236b4b65b4c2cecd42d1314f99696a,onchain_unknown,0.43,1,2,goldsky
0x7a012dcdabb02433b1a3b61de3078e10008c95ee16efcc27ce19e23228398111,onchain_unknown,0.05,0,2,goldsky
0x5e0ef03b2421e80c5f9ec644163689a3a0f6b1d7c444e11fb208df8e270a2d6b,onchain_unknown,0.01,0,15,goldsky
0xe9c7deb581059ed5372a9ea320fb5be3b20f0f53e2ab5d4de241ae9ccfba7e4d,onchain_unknown,0.999,1,1,goldsky
0xf8b61bb1849d27296b9413e471bace0b49f53f87e51aea01b7ea545df52e4302,onchain_unknown,0.7,1,2,goldsky
0xd8120ef2dd35b8c95dea068aa48347b889f21118780cf2a3f1bf322dd6a49aa3,onchain_unknown,0.22,0,7,goldsky
0xa4954505f3f57e599194ceea7d1d8b1f6cb43ca0972db39bb0edf481533c44fe,onchain_unknown,0.011,0,1,goldsky
0xdfb000ef9155d3657d2d7b2cac47f6c01c476de68ea9bc8103434c1b9a024540,onchain_unknown,0.26,0,94,goldsky
0x339483f2aa44ae6eadfd69a9c28a1dd9326d3d5a70e1d54a5aa4acc0c6a932b1,onchain_unknown,0.997,1,2,goldsky
0xfb2c7939506e35e05b86a721d48b2c03be23704d953443e4acc371aef3d6a76e,onchain_unknown,0.44,0,2,goldsky
0xce5bd5d28e78b6e73cc729b96bd30b230a7b87d6280965401dee959be3bf881e,onchain_unknown,0.4,0,27,goldsky
0x1c918ab0979e7893cffae9447b1031f4e64c54d8a205440705a0ad6ff792ddd9,onchain_unknown,0.01,0,1,goldsky
0x1ddd793f4dd75101ed8af27abb4b33b05131319d7a4a36b7d8664988c90dda44,onchain_unknown,0.01,0,1,goldsky
0x93323fed226e47d8b415b7d3639be85cda283715f7369b1fff7818b10cb217d8,onchain_unknown,0.85,1,1,goldsky
0x2047127ca487eeddd294c9e127ea2ea652fc191169294c6cb06651aa1f9e4a63,onchain_unknown,0.85,1,1,goldsky
0xea5bc80b41c306a7ed1cf608868ba685dfe70e838ee1078f9e9cca01175bfaef,onchain_unknown,0.2,0,129,goldsky
0x519f632d1c3f0324d2b5d3068812d4bb69ea14e8fedfcd6a2389e63a08fa6649,onchain_unknown,0.18,0,1,goldsky
0x80805525945ed0be549dbe9858155b637d934eaecbbe77490300a54e11968896,onchain_unknown,0.675,1,176,goldsky
0x8ac984594e7312bf3f7289a9efeecd1230fdde2a17eb1752339c381dbae117f5,onchain_unknown,0.07,0,9,goldsky
0xc8d217a6879bad04ccf9c1596ef7d56f37dda42b73d3d39fa0586ab389f61559,onchain_unknown,0.985,1,2,goldsky
0x17d309ecd3e3e76eb86fb41e19b286990209ae79688e21546b2feabba6f69220,onchain_unknown,0.3,0,1,goldsky
0xcd6483e1613b9628b6ff0f16418acb91f5f072e879e5c54dee0486bfe095e741,onchain_unknown,0.175,0,2,goldsky
0xc9def3280f8742a0a7959ad05baf0762240a556111b3f915e4ee37938a2ffb0c,onchain_unknown,0.0706,0,2,goldsky
0x4e17f3846c38119d3dbff86e941fc0ab731da419b53a2902f2d8437c1a96996a,onchain_unknown,0.022,0,3,goldsky
0x7f31f573ed6ed8c4bf463de2938e791e5c1388b61016275a35c95c31ddb4d04c,onchain_unknown,0.98,1,8,goldsky
0x8e1b09834184b05ad2c894721b50f56c00f67174db8448331223679e724c1486,onchain_unknown,0.23,0,4287,goldsky
0xc825c71086a3925bbe3a0ede2869ed30a9917c241be1a051ac62550250c67f9c,onchain_unknown,0.65,1,3,goldsky
0x3a53dd1a95b1e781a703160214e162eb095ee89794c874502a29cbddb6c6fc11,onchain_unknown,0.15,0,1,goldsky
0xfe7b9596c39021e3f5ffe8076e965f4228d6fb7cb6dc6fbdfa50d28e8536a292,onchain_unknown,0.76,0,2,goldsky
0x8aa2254c384cccba34d3988ffd70a25a74029d9e3c2531419d051b14e79324ee,onchain_unknown,0.05,0,1,goldsky
0xbf245f51ee0cb5020ffc948b2e63d86ca112c2691665a043a2e139f0c9d4d1f1,onchain_unknown,0.012,0,1,goldsky
0x0aacd95e24cd07c90787191f07db2aa69968fe29f0fbd046497f48aa6c8c0d82,onchain_unknown,0.29,0,2323,goldsky
0x6a1eb31777d0150b40a31aec603d1cb91632e00865333aa4d6975fcb5715a0a2,onchain_unknown,0.011,0,3,goldsky
0xea44a87d520f7ceb5683b33f515c9cf69acd9f9a707afc615c3bb0758cc6df6b,onchain_unknown,0.67,1,3,goldsky
0xe85c24d8c8871e09156463350846512b46d8afde2c0201e4af135dfeb8477041,onchain_unknown,0.93,1,84,goldsky
0xaf6ae4d1850818320aa50079582e0ab9063eace18fabc637a9aee9ebc5717c72,onchain_unknown,0.46,1,2,goldsky
0x888113c876895557b698436f6ca0d640b661c1474d995c3448ae39b542b71362,onchain_unknown,0.205,1,1,goldsky
0xfeb1cb105572602a1ca0e700fcd3c9c5056337b18414bcb92494b75fa249ac71,onchain_unknown,0.5242,0,3,goldsky
0xc3bccb4df7a233bdd9362d6db09dfc2ba84c27d444aab838faa4629b728ac815,onchain_unknown,0.64,1,4371,goldsky
0x52e95bc9fadd148b85ad416c4e170cbe0bd37ec2c6977a009b99d14f29e4bce2,onchain_unknown,0.393,0,3,goldsky
0xa40662f1e1dc58168306cee83fc258b4acec976f1f584843cac7ea904b28b60c,onchain_unknown,0.52,0,2,goldsky
0xae768e18d0b06dbbe09e3052a6cdfd42110a03debce3b6142d57402c447707ba,onchain_unknown,0.67,0,1,goldsky
0xbd7f97745201e24d855f24bbe674b29290cb4730d31bb97f86e74abbeec8cca2,onchain_unknown,0.2,0,88,goldsky
0x185dc124388b76da1498515ab3587e149f1aa93f994bdfbc8dfdd65b4b784567,onchain_unknown,0.395,1,668,goldsky
0xab6fb278f753c6c10479d71429d3ef53ed213ddd208b9f4381cecd8db393974c,onchain_unknown,0.08,0,4,goldsky
0xf09401def1fa4a8fe9d94eba61f2803a8add646a6ead3bc3c960054eb67870c0,onchain_unknown,0.33,0,1,goldsky
0xbfbad7d691fe2fdc2ef097dfad178c9de70b2522072da6740cdf3b83d677076f,onchain_unknown,0.44,1,680,goldsky
0xdf1713702b156249e9bda057ad28e55062069e4f6284513d9f585a21ab389f11,onchain_unknown,0.002,0,1,goldsky
0x9776d4b734bb4fb94de40a1623648cb7c5b7ce6267524c55214454d115bf77ce,onchain_unknown,0.35,0,1,goldsky
0xe9e91c2e5d8e2ce50d7852c32c63c2407adcd0c9e7633a953c0ed49a291712bc,onchain_unknown,0.505,0,2,goldsky
0x21f508fa6a87e7406f2efe44b40db04a73273d3372ef65a13392ce00d1eb668f,onchain_unknown,0.5,0,3,goldsky
0x93768712bcb38e401aa6e4cab60fe9a64d203bba529eac65821730d4b96d10e6,onchain_unknown,0.94,1,2,goldsky
0x0a1dae2f2b3eb1ec0b8ae721cfb6c021da85cf129ccd1b573c8a0e636f7f7920,onchain_unknown,0.996,1,1,goldsky
0x35c15d6dd49182a7727176ddcf1b8e544d2159675e46f8ac2b227da13d84d4a9,onchain_unknown,0.001,0,1,goldsky
0xddeec19b41ba312ebb21b4074756e708e6f78e07728dbda0910b4fca89b2154a,onchain_unknown,0.001,0,1,goldsky
0xfbccde435360fb4c8862e144cf06f0895d24c7f4b22cd9afc5956243e1807fb0,onchain_unknown,0.01,0,25,goldsky
0x8d44ad99b2ee2b7cb7bf2d07272fed3e4bb63732b05a763c228d7fa9db184705,onchain_unknown,0.33,0,1,goldsky
0x1a5b534af81c949bf047041faa56a4e42457db120434389fabdec4cedaa09b3e,onchain_unknown,0.67,1,43,goldsky
0x1f9675d5fd932a77b52e87e6e1341aa300b06f6c58e2aaa31840ac6fac69f7b0,onchain_unknown,0.986,1,1,goldsky
0xe6959fb6a080677898592307c2c3bb91de023f94138918ce5d0f0557f6d61d0a,onchain_unknown,0.8389,1,5,goldsky
0xdacf7b160cacf490da19c8bdf6ea3d39411784f5437c021fbc7dc43b385e38ba,onchain_unknown,0.6,1,242,goldsky
0x923d6fec020225109ed83f48a594eb87550e0230f304c54625f5337b563b64b6,onchain_unknown,0.001,0,2,goldsky
0x6a251873cf1b1960d1b666ed0e7e2578ccc94b481d106279eaf86c2a7c7d7a2e,onchain_unknown,0.49,1,1,goldsky
0x9b67e21af16ed4b5fea6ce9b4a8afd9fed55f35e71d9ee01935c88d9d394bdea,onchain_unknown,0.001,0,3,goldsky
0x3b1efe02e0f96631985ef64a97a9a91b1969cf73aa2bbf7091941b8554f4cf43,onchain_unknown,0.0114,0,1,goldsky
0x437ed07da5cc151fb0189d64c7b3ee1ae0fed4be3e07d73743b2a84a6db98161,onchain_unknown,0.29,0,539,goldsky
0xb564e5e20a0d3ab9b07d24ff25b19001d9d6b2d1d3121d4b9a2a0691713643cb,onchain_unknown,0.017,0,2,goldsky
0xd55ecdca2ee0bbcf51b1ed22a10e018939f791d3b8eebf0044bcfc015c1c50f5,onchain_unknown,0.42,1,2,goldsky
0x545df8c7595166eadbc43b9705066bd085bc64df561815d302a7f25b35507370,onchain_unknown,0.51,1,3,goldsky
0x3ecaf9f5264a92b6914d71e539ffca3083daaedf8fe59e790e6cb4bd2acd92a7,onchain_unknown,0.99,1,4,goldsky
0x7a70f0a5745ef2b69ac2aa40f78fbc0e580200bfec8ddf1cff95c9f528618dd2,onchain_unknown,0.82,1,165,goldsky
0x89912b51a5282dd5104e0fbcce75abeef2124ccf9b23ff878aaf2e068283a5db,onchain_unknown,0.59,0,1,goldsky
0xf6c7cb8fc17cdf6a694cdb8223e16dec123b1b174f0220ae0e25d9ddcf87f9a4,onchain_unknown,0.95,1,31,goldsky
0x63d928918f3bef8b6b9442c0b958fbe47a0d252bec722dca62159a06bc231730,onchain_unknown,0.985,1,10,goldsky
0x41ec4d403e4a64b1a54ace656fc89493df70b483ff9e731d9c5db0dcb62f3a73,onchain_unknown,0.002,0,4,goldsky
0xc97e5687922ad1687475a2b5468a0baf744df52d1cd1ab6612799e64ccbf4dba,onchain_unknown,0.001,0,1,goldsky
0x51095f3d9f074bdf4dfb3c1c767ed09ce862db2ab3af15046d24ffd3564085a4,onchain_unknown,0.62,1,1,goldsky
0x4a431105011013d2bcf09b851b8cfb24249335d44e7071fd52c2c1b4ca9912b6,onchain_unknown,0.6,1,616,goldsky
0x6c6d8a20da129df761d68ff87f1586926c78e04d06cb8cfce387a11b8a6cbaad,onchain_unknown,0.55,0,1,goldsky
0x8568bba9cfd289f9f9349d3c84c9f57e19488d93ef8cdc7348c6f7b943d4f1f0,onchain_unknown,0.4,0,458,goldsky
0x8d9a8ab7e50862599f0e5d15b35292e46c5530a881a98c4f3885e9480a4fffbd,onchain_unknown,0.365,1,2,goldsky
0xf02498780e6af8b3a8f5fe4d9eb5e41809959002299f456e707270873d7e7f05,onchain_unknown,0.01,0,1,goldsky
0x2a3ffe8c839acbde7f258a1dfa820ee63c14915fe49beeeff5cedbc2023ea35e,onchain_unknown,0.83,1,3281,goldsky
0x37b61e9604b79fa4673641748366b7067dcbcdc6bce34d93b315169235ae3c8d,onchain_unknown,0.0085,0,2,goldsky
0x3982ca4c07e7ad56232d88ba2ce0879e82b50c2f736f3a2c3f33fcae218b3b71,onchain_unknown,0.999,1,2,goldsky
0x699f9b181a43430cea273de0f896345d38938f5805c6cd3758d7c3b73dfb820e,onchain_unknown,0.52,1,1,goldsky
0x1b2b58286dd9d6a15d47f98b85295c2fc36536aadc46f82b4face1231d3ccdeb,onchain_unknown,0.069,0,1,goldsky
0x0a768745e953d6f2e243b3fd4a6501c53d56c636aa3cc39e96a330ed54f5318c,onchain_unknown,0.51,1,481,goldsky
0x53188d5f779fe4591be634d4f94fc703ab6f4df6d46830bd99df1cfe1c9434fd,onchain_unknown,0.705,1,18,goldsky
0xee2f2424095f3f3775e8226ee3c265135165829ed316d7dd0ead31df6b17079a,onchain_unknown,0.14,0,1,goldsky
0xe849e678be439b6279ac0180607955a180d966aae6e9f3e421fb8e9ada697579,onchain_unknown,0.57,1,1,goldsky
0x3ee26e97ae5a5a8b0e0324fd40ee41124c8ebfd9145544fe7155e6818becf433,onchain_unknown,0.84,1,33,goldsky
0x66bb6c92c65339be7fcda7807cbc687da8caeb025874776d6b49c189e6607743,onchain_unknown,0.001,0,2,goldsky
0x349b893f3aaa1e04ba46721c87f63dd80ecffe1766a5232de2f804cd6cdfcd72,onchain_unknown,0.4791,0,3,goldsky
0xacbec13fc96a82023d47e09a46223fdf1f8521f70bb13b544af38251d24bdbb8,onchain_unknown,0.994,1,6,goldsky
0x90c60d4f95a57d2a2e59623ea67a703e5728bdfea0ac580c9c638c261ae6c05e,onchain_unknown,0.01,0,313,goldsky
0x32b05d8cb30246d6cdbef595e902efe5deafd7f8c72f90ffb5cd9a3addf8244c,onchain_unknown,0.001,0,40,goldsky
0x811416d9ece70d7b31bc384a225ef63cc746840d2772aa23d5df1e28baeb6aa6,onchain_unknown,0.99,1,3,goldsky
0xd761319230aa7900b01da304fcf3c25a72ad0e5a9a9d6223b4ac0cf1ea515a28,onchain_unknown,0.01,0,64,goldsky
0x5ebb15147469680f7d4142c4673deec0f9813b81dac9e61a63690b92c0313da2,onchain_unknown,0.01,0,17,goldsky
0x70067bb47c663fd422ee3f80db93d56acb53618e54eaab479095d8880b9e9eac,onchain_unknown,0.9,1,2,goldsky
0x02b4a096c4e3115d67b3eb05663b29ee5c982be66f53029ddaf16b22c9ce84c9,onchain_unknown,0.004,0,2,goldsky
0x1b2ed75f75bebfa128fdd02a7e7165dd8c8bf71fda9be1dcf80fd16dbff67029,onchain_unknown,0.8,1,1,goldsky
0x7a6b234c38988fa12fbe10ce8a255bf2eec249ee707f163e145fb26981726e81,onchain_unknown,0.4,0,1,goldsky
0x53f4a20dab4a471d0bd322fb1d992013c63c0aa8890f2c384d1752386bfaf689,onchain_unknown,0.6,1,2,goldsky
0x23db5dd41e205d0b341811736448e07e12900d53ad7a2be6c5bf1c70af8b61e0,onchain_unknown,0.998,1,4,goldsky
0xf31a8a424bf2ce9d496c081723df21dc5769d0b61e62f66faa9168ad6b29bbda,onchain_unknown,0.02,0,22,goldsky
0x4a3cb04f9db8cfb5a1a3ad046bff019b74a9c60701162add252a40bf19c042dc,onchain_unknown,0.05,0,2509,goldsky
0x494f6e9e96f114b473f917bc45504eac4a91f89d55149bac73d6c252cbe68e58,onchain_unknown,0.999,1,2,goldsky
0x793da26ea7c9306bbe66a884579b6bc2a82b1fb9e4b790be8e5f0dcfc0537fc7,onchain_unknown,0.001,0,2,goldsky
0x406618d3ea944a42e66524e078d1305ec6bbda847a9e348cb3722855ba925532,onchain_unknown,0.059,0,2,goldsky
0x6c487365554ff75fa4ae9d1f4c90a35bfb6640e23ed9dd9356f0af18ec235988,onchain_unknown,0.001,0,41,goldsky
0x5c26b09c0822bd2f1fe4f0e74e6bdb9a1b1fd8c795c8470e3a8cc53aa86f4cc7,onchain_unknown,0.01,0,60,goldsky
0x37e5ec850f6e3db8cacb3408c78436800b81e46befb6ad06b60589cee08b009c,onchain_unknown,0.78,0,1,goldsky
0x33c14c1f764d1766254035292c090baae27ad0073384da26ba66fbf6fae823a6,onchain_unknown,0.035,0,2,goldsky
0x9badae319fe7437a3ddbc8b1d3ac25a5b13624341d54c7c2358b1b44906bd261,onchain_unknown,0.001,0,8,goldsky
0x3d44c892f813fbfcd3a1ca0f2b78123d73650e7da4c48ef65263b35ffe46ae68,onchain_unknown,0.01,0,32,goldsky
0x2aed83f71c9a3dd0e0b7cff86036e8b499b751e4f203d314df939279321541ee,onchain_unknown,0.978,1,1,goldsky
0xce134577b2bda1a52158180f76fc246e8f4d251e1841869701522de1b46ef738,onchain_unknown,0.999,1,2,goldsky
0x07484aac1d640d8d711910bbdbdb3ff06e929aa1b9eb8df565662fad2af7ec1f,onchain_unknown,0.05,0,105,goldsky
0xce3cdf61a54050d4c25c777987a08ed4c4c295af161a8f767ddd9b266f0f12c6,onchain_unknown,0.02,0,110,goldsky
0x5d1a8b5609dbb899710c18adfb9f7d79fd359eac462d3b03523e502ac67cf949,onchain_unknown,0.4944,1,1,goldsky
0xce4e2766feff28b08167b859eeaeffa33b7dbb67643ebeb2b127082c23d545d4,onchain_unknown,0.999,1,2,goldsky
0x42d2bcf28873343fd32ce00ff63d7a5969f8aecebe6859b7c106a216ceb299b8,onchain_unknown,0.001,0,32,goldsky
